"","sci_name","presence","origin","seasonal","compiler","yrcompiled","citation","dec_lat","dec_long","spatialref","subspecies","subpop","data_sens","sens_comm","event_year","source","basisOfRecord","catalogNumber","recordedBy","recordNumber","dist_comm","tax_comm"
"1","Justicia heterocarpa",NA,NA,NA,NA,NA,NA,-20.196035,28.616761,"WGS84",NA,NA,NA,NA,2022,"https://www.inaturalist.org/observations/108806502","HUMAN_OBSERVATION","108806502","Moira FitzPatrick","Observations",NA,NA
"2","Justicia heterocarpa",NA,NA,NA,NA,NA,NA,19.189465,73.072749,"WGS84",NA,NA,NA,NA,2022,"o-1016064689","HUMAN_OBSERVATION",NA,NA,NA,NA,NA
"3","Justicia heterocarpa",NA,NA,NA,NA,NA,NA,-19.962822,23.462337,"WGS84",NA,NA,NA,NA,2021,"https://www.inaturalist.org/observations/76907974","HUMAN_OBSERVATION","76907974","Riana Fourie","Observations",NA,NA
"4","Justicia heterocarpa",NA,NA,NA,NA,NA,NA,0.230996,37.468175,"WGS84",NA,NA,NA,NA,2020,"o-1005402295","HUMAN_OBSERVATION",NA,NA,NA,NA,NA
"5","Justicia heterocarpa",NA,NA,NA,NA,NA,NA,0.230996,37.468175,"WGS84",NA,NA,NA,NA,2020,"q-10129028996","HUMAN_OBSERVATION",NA,NA,NA,NA,NA
"6","Justicia heterocarpa",NA,NA,NA,NA,NA,NA,0.263918,37.496359,"WGS84",NA,NA,NA,NA,2020,"o-1005423635","HUMAN_OBSERVATION",NA,NA,NA,NA,NA
"7","Justicia heterocarpa",NA,NA,NA,NA,NA,NA,0.261628,37.496879,"WGS84",NA,NA,NA,NA,2020,"o-1005434985","HUMAN_OBSERVATION",NA,NA,NA,NA,NA
"8","Justicia heterocarpa",NA,NA,NA,NA,NA,NA,0.261874,37.496516,"WGS84",NA,NA,NA,NA,2020,"o-1005456866","HUMAN_OBSERVATION",NA,NA,NA,NA,NA
"9","Justicia heterocarpa",NA,NA,NA,NA,NA,NA,0.261874,37.496516,"WGS84",NA,NA,NA,NA,2020,"o-1005456938","HUMAN_OBSERVATION",NA,NA,NA,NA,NA
"10","Justicia heterocarpa",NA,NA,NA,NA,NA,NA,0.261874,37.496516,"WGS84",NA,NA,NA,NA,2020,"o-1005468143","HUMAN_OBSERVATION",NA,NA,NA,NA,NA
"11","Justicia heterocarpa",NA,NA,NA,NA,NA,NA,0.256911,37.47859,"WGS84",NA,NA,NA,NA,2020,"o-1005476341","HUMAN_OBSERVATION",NA,NA,NA,NA,NA
"12","Justicia heterocarpa",NA,NA,NA,NA,NA,NA,0.266533,37.464958,"WGS84",NA,NA,NA,NA,2020,"o-1005477797","HUMAN_OBSERVATION",NA,NA,NA,NA,NA
"13","Justicia heterocarpa",NA,NA,NA,NA,NA,NA,0.26086,37.4968,"WGS84",NA,NA,NA,NA,2020,"o-1005512712","HUMAN_OBSERVATION",NA,NA,NA,NA,NA
"14","Justicia heterocarpa",NA,NA,NA,NA,NA,NA,2.307442,37.934585,"WGS84",NA,NA,NA,NA,2020,"o-1005512718","HUMAN_OBSERVATION",NA,NA,NA,NA,NA
"15","Justicia heterocarpa",NA,NA,NA,NA,NA,NA,0.262049,37.496413,"WGS84",NA,NA,NA,NA,2020,"o-1005574805","HUMAN_OBSERVATION",NA,NA,NA,NA,NA
"16","Justicia heterocarpa",NA,NA,NA,NA,NA,NA,0.261933,37.496676,"WGS84",NA,NA,NA,NA,2020,"o-1005574815","HUMAN_OBSERVATION",NA,NA,NA,NA,NA
"17","Justicia heterocarpa",NA,NA,NA,NA,NA,NA,-20.646662,17.100239,"WGS84",NA,NA,NA,NA,2020,"https://www.inaturalist.org/observations/41294990","HUMAN_OBSERVATION","41294990","mickyorrey","Observations",NA,NA
"18","Justicia heterocarpa",NA,NA,NA,NA,NA,NA,0.180782,37.488977,"WGS84",NA,NA,NA,NA,2020,"o-1005599654","HUMAN_OBSERVATION",NA,NA,NA,NA,NA
"19","Justicia heterocarpa",NA,NA,NA,NA,NA,NA,0.260283,37.497397,"WGS84",NA,NA,NA,NA,2020,"o-1005800091","HUMAN_OBSERVATION",NA,NA,NA,NA,NA
"20","Justicia heterocarpa",NA,NA,NA,NA,NA,NA,0.180782,37.488977,"WGS84",NA,NA,NA,NA,2020,"q-10136082658","HUMAN_OBSERVATION",NA,NA,NA,NA,NA
"21","Justicia heterocarpa",NA,NA,NA,NA,NA,NA,0.261742,37.496935,"WGS84",NA,NA,NA,NA,2020,"o-1005919096","HUMAN_OBSERVATION",NA,NA,NA,NA,NA
"22","Justicia heterocarpa",NA,NA,NA,NA,NA,NA,0.256,37.501961,"WGS84",NA,NA,NA,NA,2020,"o-1007168785","HUMAN_OBSERVATION",NA,NA,NA,NA,NA
"23","Justicia heterocarpa",NA,NA,NA,NA,NA,NA,0.261932,37.496672,"WGS84",NA,NA,NA,NA,2020,"o-1007706426","HUMAN_OBSERVATION",NA,NA,NA,NA,NA
"24","Justicia heterocarpa",NA,NA,NA,NA,NA,NA,0.260402,37.896152,"WGS84",NA,NA,NA,NA,2020,"o-1007752073","HUMAN_OBSERVATION",NA,NA,NA,NA,NA
"25","Justicia heterocarpa",NA,NA,NA,NA,NA,NA,0.256,37.501961,"WGS84",NA,NA,NA,NA,2020,"q-10190831569","HUMAN_OBSERVATION",NA,NA,NA,NA,NA
"26","Justicia heterocarpa",NA,NA,NA,NA,NA,NA,0.244568,37.392564,"WGS84",NA,NA,NA,NA,2020,"o-1008670771","HUMAN_OBSERVATION",NA,NA,NA,NA,NA
"27","Justicia heterocarpa",NA,NA,NA,NA,NA,NA,0.268353,37.47749,"WGS84",NA,NA,NA,NA,2018,"o-1005203736","HUMAN_OBSERVATION",NA,NA,NA,NA,NA
"28","Justicia heterocarpa",NA,NA,NA,NA,NA,NA,0.251012,37.496197,"WGS84",NA,NA,NA,NA,2018,"o-1005203660","HUMAN_OBSERVATION",NA,NA,NA,NA,NA
"29","Justicia heterocarpa",NA,NA,NA,NA,NA,NA,17.07056,54.44639,"WGS84",NA,NA,NA,NA,2015,"https://w.jacq.org/W20160002248","PRESERVED_SPECIMEN","2016-0002248","Escobar García,P.","Herbarium W",NA,NA
"30","Justicia heterocarpa",NA,NA,NA,NA,NA,NA,-20.438577,28.748227,"WGS84",NA,NA,NA,NA,2014,"http://www.botanicalcollections.be/specimen/BR0000027312124V","PRESERVED_SPECIMEN","BR0000027312124V","Ballings P. & Würsten B.","BR",NA,NA
"31","Justicia heterocarpa",NA,NA,NA,NA,NA,NA,5.316667,37.46,"WGS84",NA,NA,NA,NA,2011,"http://www.botanicalcollections.be/specimen/BR0000015242365V","PRESERVED_SPECIMEN","BR0000015242365V","Friis I., Crawford F., Abebe W. & Getachew E.","BR",NA,NA
"32","Justicia heterocarpa",NA,NA,NA,NA,NA,NA,5.316667,37.46,"WGS84",NA,NA,NA,NA,2011,"https://data.biodiversitydata.nl/naturalis/specimen/WAG.1961240","PRESERVED_SPECIMEN","WAG.1961240","Friis I; Crawford FM; Wege Abebe; Ermias Getachew","Botany",NA,NA
"33","Justicia heterocarpa",NA,NA,NA,NA,NA,NA,4.750833,38.800667,"WGS84",NA,NA,NA,NA,2010,"https://data.biodiversitydata.nl/naturalis/specimen/WAG.1961104","PRESERVED_SPECIMEN","WAG.1961104","Friis I; Harris T; Assefa Hailu; Ermias Getachew","Botany",NA,NA
"34","Justicia heterocarpa",NA,NA,NA,NA,NA,NA,-6.1,32.416667,"WGS84",NA,NA,NA,NA,2009,"https://data.biodiversitydata.nl/naturalis/specimen/WAG.1280681","PRESERVED_SPECIMEN","WAG.1280681","Bidgood GS; Leliyo G; Vollesen KB","Botany",NA,NA
"35","Justicia heterocarpa",NA,NA,NA,NA,NA,NA,-19.658042,23.139225,"WGS84",NA,NA,NA,NA,2007,"MMH_BOB-1-09_20070417-01_jushet","HUMAN_OBSERVATION",NA,"Mike Murray-Hudson",NA,NA,NA
"36","Justicia heterocarpa",NA,NA,NA,NA,NA,NA,-19.541639,23.171423,"WGS84",NA,NA,NA,NA,2007,"MMH_MIL-2-15_20070522-01_jushet","HUMAN_OBSERVATION",NA,"Mike Murray-Hudson",NA,NA,NA
"37","Justicia heterocarpa",NA,NA,NA,NA,NA,NA,-5.93,34.17,"WGS84",NA,NA,NA,NA,2006,"http://specimens.kew.org/herbarium/K000468187","PRESERVED_SPECIMEN","K000468187","Vollesen, K.; Bidgood, S.; Leliyo, G.; Hoenselaar, K.","Herbarium",NA,NA
"38","Justicia heterocarpa",NA,NA,NA,NA,NA,NA,-5.95,34.15,"WGS84",NA,NA,NA,NA,2006,"http://specimens.kew.org/herbarium/K000468175","PRESERVED_SPECIMEN","K000468175","Vollesen, K.; Bidgood, S.; Leliyo, G.; Hoenselaar, K.","Herbarium",NA,NA
"39","Justicia heterocarpa",NA,NA,NA,NA,NA,NA,-4.95,33,"WGS84",NA,NA,NA,NA,2006,"http://specimens.kew.org/herbarium/K000468506","PRESERVED_SPECIMEN","K000468506","Vollesen, K.; Bidgood, S.; Leliyo, G.; Hoenselaar, K.","Herbarium",NA,NA
"40","Justicia heterocarpa",NA,NA,NA,NA,NA,NA,-5.37,30.45,"WGS84",NA,NA,NA,NA,2006,"http://specimens.kew.org/herbarium/K000468632","PRESERVED_SPECIMEN","K000468632","Vollesen, K.; Bidgood, S.; Leliyo, G.; Hoenselaar, K.","Herbarium",NA,NA
"41","Justicia heterocarpa",NA,NA,NA,NA,NA,NA,-5.42,30.5,"WGS84",NA,NA,NA,NA,2006,"http://specimens.kew.org/herbarium/K000468664","PRESERVED_SPECIMEN","K000468664","Vollesen, K.; Bidgood, S.; Leliyo, G.; Hoenselaar, K.","Herbarium",NA,NA
"42","Justicia heterocarpa",NA,NA,NA,NA,NA,NA,6.78333,44.45,"WGS84",NA,NA,NA,NA,2006,"UPS:BOT:V-216040","PRESERVED_SPECIMEN","V-216040","M. Thulin, Hassan Y. Kaariye & F. Wilhelmi","BOT",NA,NA
"43","Justicia heterocarpa",NA,NA,NA,NA,NA,NA,-5.93333,34.16667,"WGS84",NA,NA,NA,NA,2006,"UPS:BOT:V-513045","PRESERVED_SPECIMEN","V-513045","S. Bidgood, K. Hoenselaar, G. Leliyo & K. Vollesen","BOT",NA,NA
"44","Justicia heterocarpa",NA,NA,NA,NA,NA,NA,-5.03,35.8,"WGS84",NA,NA,NA,NA,2006,"http://specimens.kew.org/herbarium/K000468012","PRESERVED_SPECIMEN","K000468012","Vollesen, K.; Bidgood, S.; Leliyo, G.; Hoenselaar, K.","Herbarium",NA,NA
"45","Justicia heterocarpa",NA,NA,NA,NA,NA,NA,-5.6,35.83,"WGS84",NA,NA,NA,NA,2006,"http://specimens.kew.org/herbarium/K000468085","PRESERVED_SPECIMEN","K000468085","Vollesen, K.; Bidgood, S.; Leliyo, G.; Hoenselaar, K.","Herbarium",NA,NA
"46","Justicia heterocarpa",NA,NA,NA,NA,NA,NA,-5.03333,35.8,"WGS84",NA,NA,NA,NA,2006,"UPS:BOT:V-513239","PRESERVED_SPECIMEN","V-513239","S. Bidgood, K. Hoenselaar, G. Leliyo & K. Vollesen","BOT",NA,NA
"47","Justicia heterocarpa",NA,NA,NA,NA,NA,NA,10,44.95,"WGS84",NA,NA,NA,NA,2002,"UPS:BOT:V-123028","PRESERVED_SPECIMEN","V-123028","Mats Thulin","BOT",NA,NA
"48","Justicia heterocarpa",NA,NA,NA,NA,NA,NA,12.61667,53.95,"WGS84",NA,NA,NA,NA,2002,"https://herbarium.bgbm.org/object/B100113194","PRESERVED_SPECIMEN","B 10 0113194","Kilian,N., Kürschner,H., Oberprieler,C. & Kipka,S.","Herbarium Berolinense",NA,NA
"49","Justicia heterocarpa",NA,NA,NA,NA,NA,NA,13.46667,45.91667,"WGS84",NA,NA,NA,NA,2002,"https://herbarium.bgbm.org/object/B100459107","PRESERVED_SPECIMEN","B 10 0459107","Hein,P. & Kürschner,H.","Herbarium Berolinense",NA,NA
"50","Justicia heterocarpa",NA,NA,NA,NA,NA,NA,-6.893333,31.185278,"WGS84",NA,NA,NA,NA,2002,"urn:catalog:MO:Tropicos:1810962","PRESERVED_SPECIMEN","1810962","Nathan A. Mwangulango","Tropicos",NA,NA
"51","Justicia heterocarpa",NA,NA,NA,NA,NA,NA,16.57167,52.78861,"WGS84",NA,NA,NA,NA,2002,"https://herbarium.bgbm.org/object/B100456271","PRESERVED_SPECIMEN","B 10 0456271","Kilian,N., Hein,P. & Rabe,K.","Herbarium Berolinense",NA,NA
"52","Justicia heterocarpa",NA,NA,NA,NA,NA,NA,16.59917,52.89083,"WGS84",NA,NA,NA,NA,2002,"https://herbarium.bgbm.org/object/B100456307","PRESERVED_SPECIMEN","B 10 0456307","Kilian,N., Hein,P., Hohlstein,G. & Salem Kodah,S.A.","Herbarium Berolinense",NA,NA
"53","Justicia heterocarpa",NA,NA,NA,NA,NA,NA,16.58,52.88,"WGS84",NA,NA,NA,NA,2002,"S:VascularPlants:S20-25611","PRESERVED_SPECIMEN","S20-25611","N. Kilian, P. Hein, G. Hohlstein & S. A. Salem Kodah","VascularPlants",NA,NA
"54","Justicia heterocarpa",NA,NA,NA,NA,NA,NA,15.65889,52.20361,"WGS84",NA,NA,NA,NA,2002,"https://herbarium.bgbm.org/object/B100380823","PRESERVED_SPECIMEN","B 10 0380823","Kilian,N., Hein,P. & Hohlstein,G.","Herbarium Berolinense",NA,NA
"55","Justicia heterocarpa",NA,NA,NA,NA,NA,NA,0.66666,34.16666,"WGS84",NA,NA,NA,NA,2002,"urn:catalog:MO:Tropicos:3123642","PRESERVED_SPECIMEN","3123642","P.K. Rwaburindore","Tropicos",NA,NA
"56","Justicia heterocarpa",NA,NA,NA,NA,NA,NA,-5.005556,34.958333,"WGS84",NA,NA,NA,NA,2001,"D0BB8CBF-CE45-43C5-AC33-F969B77DE7C4","PRESERVED_SPECIMEN","CM508216","Kuchar, P.","Botany",NA,NA
"57","Justicia heterocarpa",NA,NA,NA,NA,NA,NA,-5.00555,34.95833,"WGS84",NA,NA,NA,NA,2001,"urn:catalog:MO:Tropicos:1596325","PRESERVED_SPECIMEN","1596325","P. Kuchar","Tropicos",NA,NA
"58","Justicia heterocarpa",NA,NA,NA,NA,NA,NA,-5.241667,34.683333,"WGS84",NA,NA,NA,NA,2001,"E8FC3873-6BA6-4ED9-A7CA-8C4C1DB905CB","PRESERVED_SPECIMEN","CM508223","Kuchar, P.","Botany",NA,NA
"59","Justicia heterocarpa",NA,NA,NA,NA,NA,NA,-5.24166,34.68333,"WGS84",NA,NA,NA,NA,2001,"urn:catalog:MO:Tropicos:1596334","PRESERVED_SPECIMEN","1596334","P. Kuchar","Tropicos",NA,NA
"60","Justicia heterocarpa",NA,NA,NA,NA,NA,NA,-5.08055,35.08194,"WGS84",NA,NA,NA,NA,2001,"urn:catalog:MO:Tropicos:1596386","PRESERVED_SPECIMEN","1596386","P. Kuchar","Tropicos",NA,NA
"61","Justicia heterocarpa",NA,NA,NA,NA,NA,NA,-4.87777,35.33583,"WGS84",NA,NA,NA,NA,2001,"urn:catalog:MO:Tropicos:1782020","PRESERVED_SPECIMEN","1782020","Emanuel I. Mboya|Neduvoto Mollel|H. Jumanne|J.M. Mungwe|J. Hassan","Tropicos",NA,NA
"62","Justicia heterocarpa",NA,NA,NA,NA,NA,NA,16.64944,52.96083,"WGS84",NA,NA,NA,NA,2001,"https://herbarium.bgbm.org/object/B100113193","PRESERVED_SPECIMEN","B 10 0113193","Hein,P., Kürschner,H. & Reisch,M.","Herbarium Berolinense",NA,NA
"63","Justicia heterocarpa",NA,NA,NA,NA,NA,NA,16.63,52.95,"WGS84",NA,NA,NA,NA,2001,"S:VascularPlants:S20-24399","PRESERVED_SPECIMEN","S20-24399","P. Hein, H. Kürschner & M. Reisch","VascularPlants",NA,NA
"64","Justicia heterocarpa",NA,NA,NA,NA,NA,NA,-2.595555,33.435833,"WGS84",NA,NA,NA,NA,2000,"urn:catalog:MO:Tropicos:1549015","PRESERVED_SPECIMEN","1549015","C.J. Kayombo|D. Sitoni|K. Busasi|M. James","Tropicos",NA,NA
"65","Justicia heterocarpa",NA,NA,NA,NA,NA,NA,-2.58027,33.46166,"WGS84",NA,NA,NA,NA,2000,"urn:catalog:MO:Tropicos:1571441","PRESERVED_SPECIMEN","1571441","D. Sitoni|C.J. Kayombo|et al.|J. Makoye","Tropicos",NA,NA
"66","Justicia heterocarpa",NA,NA,NA,NA,NA,NA,-4.90972,34.98611,"WGS84",NA,NA,NA,NA,2000,"urn:catalog:MO:Tropicos:1569902","PRESERVED_SPECIMEN","1569902","P. Kuchar","Tropicos",NA,NA
"67","Justicia heterocarpa",NA,NA,NA,NA,NA,NA,-5.10833,34.99444,"WGS84",NA,NA,NA,NA,2000,"urn:catalog:MO:Tropicos:1570188","PRESERVED_SPECIMEN","1570188","P. Kuchar","Tropicos",NA,NA
"68","Justicia heterocarpa",NA,NA,NA,NA,NA,NA,-3.36944,36.84166,"WGS84",NA,NA,NA,NA,1999,"urn:catalog:MO:Tropicos:1568863","PRESERVED_SPECIMEN","1568863","P. Kuchar","Tropicos",NA,NA
"69","Justicia heterocarpa",NA,NA,NA,NA,NA,NA,12.61667,54.06667,"WGS84",NA,NA,NA,NA,1998,"https://herbarium.bgbm.org/object/B100458114","PRESERVED_SPECIMEN","B 10 0458114","Mies,B.","Herbarium Berolinense",NA,NA
"70","Justicia heterocarpa",NA,NA,NA,NA,NA,NA,12.6,54.05,"WGS84",NA,NA,NA,NA,1998,"https://herbarium.bgbm.org/object/B100458125","PRESERVED_SPECIMEN","B 10 0458125","Mies,B.","Herbarium Berolinense",NA,NA
"71","Justicia heterocarpa",NA,NA,NA,NA,NA,NA,-3.383333,38.416667,"WGS84",NA,NA,NA,NA,1998,"urn:catalog:MO:Tropicos:100994929","PRESERVED_SPECIMEN","100994929","G. Mwachala","Tropicos",NA,NA
"72","Justicia heterocarpa",NA,NA,NA,NA,NA,NA,-17.80166,25.71638,"WGS84",NA,NA,NA,NA,1997,"urn:catalog:MO:Tropicos:1148300","PRESERVED_SPECIMEN","1148300","Daniel K. Harder|et al.","Tropicos",NA,NA
"73","Justicia heterocarpa",NA,NA,NA,NA,NA,NA,-17.63333,26.03333,"WGS84",NA,NA,NA,NA,1997,"urn:catalog:MO:Tropicos:1160818","PRESERVED_SPECIMEN","1160818","Noah B. Zimba|et al.","Tropicos",NA,NA
"74","Justicia heterocarpa",NA,NA,NA,NA,NA,NA,-19.559667,16.866028,"WGS84",NA,NA,NA,NA,1997,"https://data.biodiversitydata.nl/naturalis/specimen/WAG.1280671","PRESERVED_SPECIMEN","WAG.1280671","Germishuizen G","Botany",NA,NA
"75","Justicia heterocarpa",NA,NA,NA,NA,NA,NA,4.883333,38.15,"WGS84",NA,NA,NA,NA,1997,"https://data.biodiversitydata.nl/naturalis/specimen/WAG.1280674","PRESERVED_SPECIMEN","WAG.1280674","Friis I; Bidgood GS; Melaku Wondafrash; Gashaw Gibre-Hiwot","Botany",NA,NA
"76","Justicia heterocarpa",NA,NA,NA,NA,NA,NA,4.733333,38.8,"WGS84",NA,NA,NA,NA,1997,"https://data.biodiversitydata.nl/naturalis/specimen/WAG.1280685","PRESERVED_SPECIMEN","WAG.1280685","Friis I; Bidgood GS; Melaku Wondafrash; Malaku Legesse; Gashaw Gibre-Hiwot","Botany",NA,NA
"77","Justicia heterocarpa",NA,NA,NA,NA,NA,NA,-16.69666,25.02333,"WGS84",NA,NA,NA,NA,1996,"urn:catalog:MO:Tropicos:1005752","PRESERVED_SPECIMEN","1005752","Daniel K. Harder|et al.","Tropicos",NA,NA
"78","Justicia heterocarpa",NA,NA,NA,NA,NA,NA,-4.73361,29.61722,"WGS84",NA,NA,NA,NA,1996,"urn:catalog:MO:Tropicos:1007376","PRESERVED_SPECIMEN","1007376","Roy E. Gereau|F.M. Mbago|et al.","Tropicos",NA,NA
"79","Justicia heterocarpa",NA,NA,NA,NA,NA,NA,-15.383333,22.866667,"WGS84",NA,NA,NA,NA,1996,"urn:catalog:MO:Tropicos:1010718","PRESERVED_SPECIMEN","1010718","Ben Luwiika|Daniel K. Harder|Michael Graham Bingham|Noah B. Zimba","Tropicos",NA,NA
"80","Justicia heterocarpa",NA,NA,NA,NA,NA,NA,-16.696667,25.023333,"WGS84",NA,NA,NA,NA,1996,"https://data.biodiversitydata.nl/naturalis/specimen/WAG.1280663","PRESERVED_SPECIMEN","WAG.1280663","Harder DK; Zimba NB; Luwiika B","Botany",NA,NA
"81","Justicia heterocarpa",NA,NA,NA,NA,NA,NA,-4.733611,29.617222,"WGS84",NA,NA,NA,NA,1996,"https://data.biodiversitydata.nl/naturalis/specimen/WAG.1280664","PRESERVED_SPECIMEN","WAG.1280664","Gereau RE; Mbago FM","Botany",NA,NA
"82","Justicia heterocarpa",NA,NA,NA,NA,NA,NA,-7.2755,36.3058,"WGS84",NA,NA,NA,NA,1993,"UPS:BOT:V-693142","PRESERVED_SPECIMEN","V-693142","Mariette Manktelow","BOT",NA,NA
"83","Justicia heterocarpa",NA,NA,NA,NA,NA,NA,17.283333,54.216667,"WGS84",NA,NA,NA,NA,1993,"http://data.rbge.org.uk/herb/E00099199","PRESERVED_SPECIMEN","E00099199","McLeish, Ian M.","E",NA,NA
"84","Justicia heterocarpa",NA,NA,NA,NA,NA,NA,-4.545278,38.43927,"WGS84",NA,NA,NA,NA,1993,"TanBIF:TAFORI-LSRC:ACANTH:KIS:149","PRESERVED_SPECIMEN","ACANTH:KIS:149","Kisena","ACANTHACEAE",NA,NA
"85","Justicia heterocarpa",NA,NA,NA,NA,NA,NA,-5.53333,38.63333,"WGS84",NA,NA,NA,NA,1991,"urn:catalog:MO:Tropicos:503026","PRESERVED_SPECIMEN","503026","Frontier-Tanzania","Tropicos",NA,NA
"86","Justicia heterocarpa",NA,NA,NA,NA,NA,NA,-7.133333,35.983333,"WGS84",NA,NA,NA,NA,1989,"urn:catalog:MO:Tropicos:953825","PRESERVED_SPECIMEN","953825","B.E. Mhoro","Tropicos",NA,NA
"87","Justicia heterocarpa",NA,NA,NA,NA,NA,NA,-6.5,36.366667,"WGS84",NA,NA,NA,NA,1988,"urn:catalog:MO:Tropicos:100995639","PRESERVED_SPECIMEN","100995639","G. Sally Bidgood|L.B. Mwasumbi|K.B. Vollesen","Tropicos",NA,NA
"88","Justicia heterocarpa",NA,NA,NA,NA,NA,NA,-6.5,36.366667,"WGS84",NA,NA,NA,NA,1988,"urn:catalog:MO:Tropicos:103026160","PRESERVED_SPECIMEN","103026160","G. Sally Bidgood|L.B. Mwasumbi|K.B. Vollesen","Tropicos",NA,NA
"89","Justicia heterocarpa",NA,NA,NA,NA,NA,NA,-6.5,36.366667,"WGS84",NA,NA,NA,NA,1988,"https://data.biodiversitydata.nl/naturalis/specimen/WAG.1280672","PRESERVED_SPECIMEN","WAG.1280672","Bidgood GS; Mwasumbi LB; Vollesen KB","Botany",NA,NA
"90","Justicia heterocarpa",NA,NA,NA,NA,NA,NA,-7.75,34.83333,"WGS84",NA,NA,NA,NA,1987,"urn:catalog:MO:Tropicos:503452","PRESERVED_SPECIMEN","503452","J.C. Lovett","Tropicos",NA,NA
"91","Justicia heterocarpa",NA,NA,NA,NA,NA,NA,-7.66666,36.25,"WGS84",NA,NA,NA,NA,1987,"urn:catalog:MO:Tropicos:503646","PRESERVED_SPECIMEN","503646","J.C. Lovett|T.C.E. Congdon","Tropicos",NA,NA
"92","Justicia heterocarpa",NA,NA,NA,NA,NA,NA,-7.666667,35.166667,"WGS84",NA,NA,NA,NA,1987,"urn:catalog:MO:Tropicos:504390","PRESERVED_SPECIMEN","504390","J.C. Lovett|J.M. Lovett|J. Hanby|D. Bygott","Tropicos",NA,NA
"93","Justicia heterocarpa",NA,NA,NA,NA,NA,NA,0.35,37.45,"WGS84",NA,NA,NA,NA,1986,"https://data.biodiversitydata.nl/naturalis/specimen/WAG.1280660","PRESERVED_SPECIMEN","WAG.1280660","Schultka W","Botany",NA,NA
"94","Justicia heterocarpa",NA,NA,NA,NA,NA,NA,-7.4,36.5,"WGS84",NA,NA,NA,NA,1986,"urn:catalog:MO:Tropicos:100994931","PRESERVED_SPECIMEN","100994931","G. Sally Bidgood|J.M. Lovett","Tropicos",NA,NA
"95","Justicia heterocarpa",NA,NA,NA,NA,NA,NA,-4.545278,38.43927,"WGS84",NA,NA,NA,NA,1986,"TanBIF:TAFORI-LSRC:ACANTH:SSH:362","PRESERVED_SPECIMEN","ACANTH:SSH:362","S. Shabani","ACANTHACEAE",NA,NA
"96","Justicia heterocarpa",NA,NA,NA,NA,NA,NA,16.8,53.433333,"WGS84",NA,NA,NA,NA,1984,"http://data.rbge.org.uk/herb/E00674984","PRESERVED_SPECIMEN","E00674984","Miller, Anthony G.","E",NA,NA
"97","Justicia heterocarpa",NA,NA,NA,NA,NA,NA,1.033333,35,"WGS84",NA,NA,NA,NA,1984,"https://data.biodiversitydata.nl/naturalis/specimen/WAG.1280661","PRESERVED_SPECIMEN","WAG.1280661","Mungai GM","Botany",NA,NA
"98","Justicia heterocarpa",NA,NA,NA,NA,NA,NA,-2.809522,32.20976,"WGS84",NA,NA,NA,NA,1983,"TanBIF:TAFORI-LSRC:ACANTH:WCA:850","PRESERVED_SPECIMEN","ACANTH:WCA:850","W. Carmichael","ACANTHACEAE",NA,NA
"99","Justicia heterocarpa",NA,NA,NA,NA,NA,NA,-1.6125,30.221666,"WGS84",NA,NA,NA,NA,1982,"http://www.botanicalcollections.be/specimen/BR0000008561244","PRESERVED_SPECIMEN","BR0000008561244","Aubroeck M.","BR",NA,NA
"100","Justicia heterocarpa",NA,NA,NA,NA,NA,NA,-1.6125,30.221666,"WGS84",NA,NA,NA,NA,1982,"http://www.botanicalcollections.be/specimen/BR0000008561367","PRESERVED_SPECIMEN","BR0000008561367","Aubroeck M.","BR",NA,NA
"101","Justicia heterocarpa",NA,NA,NA,NA,NA,NA,-0.101111,34.753889,"WGS84",NA,NA,NA,NA,1981,"LD:General:2050977","PRESERVED_SPECIMEN","2050977","Thomas Landström","General",NA,NA
"102","Justicia heterocarpa",NA,NA,NA,NA,NA,NA,-1.193056,35.251111,"WGS84",NA,NA,NA,NA,1981,"LD:General:2057780","PRESERVED_SPECIMEN","2057780","Thomas Landström","General",NA,NA
"103","Justicia heterocarpa",NA,NA,NA,NA,NA,NA,-1.6125,30.221666,"WGS84",NA,NA,NA,NA,1981,"http://www.botanicalcollections.be/specimen/BR0000008561336","PRESERVED_SPECIMEN","BR0000008561336","Aubroeck M.","BR",NA,NA
"104","Justicia heterocarpa",NA,NA,NA,NA,NA,NA,-1.6,30.05,"WGS84",NA,NA,NA,NA,1980,"http://www.botanicalcollections.be/specimen/BR0000008568649","PRESERVED_SPECIMEN","BR0000008568649","Bridson D.","BR",NA,NA
"105","Justicia heterocarpa",NA,NA,NA,NA,NA,NA,-3.2,30.7,"WGS84",NA,NA,NA,NA,1979,"http://www.botanicalcollections.be/specimen/BR0000008568250","PRESERVED_SPECIMEN","BR0000008568250","Reekmans M.","BR",NA,NA
"106","Justicia heterocarpa",NA,NA,NA,NA,NA,NA,-0.616667,34.95,"WGS84",NA,NA,NA,NA,1978,"https://data.biodiversitydata.nl/naturalis/specimen/WAG.1280662","PRESERVED_SPECIMEN","WAG.1280662","Plaizier AC","Botany",NA,NA
"107","Justicia heterocarpa",NA,NA,NA,NA,NA,NA,23.343139,69.266894,"WGS84",NA,NA,NA,NA,1978,"BARO:Angiosperm:123450015728","PRESERVED_SPECIMEN","1.23E+11","KSS Rao","Angiosperm",NA,NA
"108","Justicia heterocarpa",NA,NA,NA,NA,NA,NA,-3.416667,30.35,"WGS84",NA,NA,NA,NA,1978,"http://www.botanicalcollections.be/specimen/BR0000008568588","PRESERVED_SPECIMEN","BR0000008568588","Reekmans M.","BR",NA,NA
"109","Justicia heterocarpa",NA,NA,NA,NA,NA,NA,0.35,29.783333,"WGS84",NA,NA,NA,NA,1977,"http://www.botanicalcollections.be/specimen/BR0000008568458","PRESERVED_SPECIMEN","BR0000008568458","Lejoly J.","BR",NA,NA
"110","Justicia heterocarpa",NA,NA,NA,NA,NA,NA,-4.75,38.5,"WGS84",NA,NA,NA,NA,1976,"TanBIF:TAFORI-LSRC:ACANTH:CHS:340","PRESERVED_SPECIMEN","ACANTH:CHS:340","Christina Schlage","ACANTHACEAE",NA,NA
"111","Justicia dinteri",NA,NA,NA,NA,NA,NA,-17.633333,24.183333,"WGS84",NA,NA,NA,NA,1975,"https://data.biodiversitydata.nl/naturalis/specimen/WAG.1280668","PRESERVED_SPECIMEN","WAG.1280668","Edwards D","Botany",NA,NA
"112","Justicia heterocarpa",NA,NA,NA,NA,NA,NA,-18.75,21.75,"WGS84",NA,NA,NA,NA,1975,"https://data.biodiversitydata.nl/naturalis/specimen/WAG.1280665","PRESERVED_SPECIMEN","WAG.1280665","Biegel HM; Müller H; Gibbs Russell GE","Botany",NA,NA
"113","Justicia heterocarpa",NA,NA,NA,NA,NA,NA,-20.616667,17.116667,"WGS84",NA,NA,NA,NA,1974,"https://data.biodiversitydata.nl/naturalis/specimen/WAG.1280666","PRESERVED_SPECIMEN","WAG.1280666","Merxmüller H; Giess JWH","Botany",NA,NA
"114","Justicia heterocarpa",NA,NA,NA,NA,NA,NA,-20.616667,17.116667,"WGS84",NA,NA,NA,NA,1974,"https://data.biodiversitydata.nl/naturalis/specimen/WAG.1280667","PRESERVED_SPECIMEN","WAG.1280667","Merxmüller H; Giess JWH","Botany",NA,NA
"115","Justicia heterocarpa",NA,NA,NA,NA,NA,NA,-2.183333,29.266667,"WGS84",NA,NA,NA,NA,1974,"http://www.botanicalcollections.be/specimen/BR0000008561541","PRESERVED_SPECIMEN","BR0000008561541","Nuyt C.","BR",NA,NA
"116","Justicia heterocarpa",NA,NA,NA,NA,NA,NA,0.933333,37.316667,"WGS84",NA,NA,NA,NA,1974,"https://data.biodiversitydata.nl/naturalis/specimen/WAG.1280678","PRESERVED_SPECIMEN","WAG.1280678","Faden RB; Faden AJ","Botany",NA,NA
"117","Justicia heterocarpa",NA,NA,NA,NA,NA,NA,-0.633333,29.566667,"WGS84",NA,NA,NA,NA,1974,"http://www.botanicalcollections.be/specimen/BR0000008568120","PRESERVED_SPECIMEN","BR0000008568120","d'Huart J-P.","BR",NA,NA
"118","Justicia heterocarpa",NA,NA,NA,NA,NA,NA,-0.616667,34.15,"WGS84",NA,NA,NA,NA,1974,"https://data.biodiversitydata.nl/naturalis/specimen/WAG.1280682","PRESERVED_SPECIMEN","WAG.1280682","Vuyk D; Breteler FJ","Botany",NA,NA
"119","Justicia heterocarpa",NA,NA,NA,NA,NA,NA,-2.05,29.35,"WGS84",NA,NA,NA,NA,1972,"http://www.botanicalcollections.be/specimen/BR0000008569066","PRESERVED_SPECIMEN","BR0000008569066","Bouxin G.","BR",NA,NA
"120","Justicia heterocarpa",NA,NA,NA,NA,NA,NA,-3.816667,30.066667,"WGS84",NA,NA,NA,NA,1972,"http://www.botanicalcollections.be/specimen/BR0000008568915","PRESERVED_SPECIMEN","BR0000008568915","Reekmans M.","BR",NA,NA
"121","Justicia heterocarpa",NA,NA,NA,NA,NA,NA,-3.066667,29.45,"WGS84",NA,NA,NA,NA,1971,"http://www.botanicalcollections.be/specimen/BR0000008561398","PRESERVED_SPECIMEN","BR0000008561398","Reekmans M.","BR",NA,NA
"122","Justicia heterocarpa",NA,NA,NA,NA,NA,NA,-3.083333,29.4,"WGS84",NA,NA,NA,NA,1971,"http://www.botanicalcollections.be/specimen/BR0000008568502","PRESERVED_SPECIMEN","BR0000008568502","Lewalle J.","BR",NA,NA
"123","Justicia heterocarpa",NA,NA,NA,NA,NA,NA,-2.1,29.75,"WGS84",NA,NA,NA,NA,1970,"http://www.botanicalcollections.be/specimen/BR0000008561442","PRESERVED_SPECIMEN","BR0000008561442","Bouxin G. & Radoux M.","BR",NA,NA
"124","Justicia heterocarpa",NA,NA,NA,NA,NA,NA,-2.383333,30.2,"WGS84",NA,NA,NA,NA,1970,"http://www.botanicalcollections.be/specimen/BR0000008568434","PRESERVED_SPECIMEN","BR0000008568434","Bouxin G. & Radoux M.","BR",NA,NA
"125","Justicia heterocarpa",NA,NA,NA,NA,NA,NA,-2.1,29.75,"WGS84",NA,NA,NA,NA,1970,"http://www.botanicalcollections.be/specimen/BR0000008568731","PRESERVED_SPECIMEN","BR0000008568731","Bouxin G. & Radoux M.","BR",NA,NA
"126","Justicia heterocarpa",NA,NA,NA,NA,NA,NA,-1.916667,30.75,"WGS84",NA,NA,NA,NA,1970,"http://www.botanicalcollections.be/specimen/BR0000008569097","PRESERVED_SPECIMEN","BR0000008569097","Bouxin G. & Radoux M.","BR",NA,NA
"127","Justicia heterocarpa",NA,NA,NA,NA,NA,NA,-2.233333,29.783333,"WGS84",NA,NA,NA,NA,1970,"http://www.botanicalcollections.be/specimen/BR0000008568762","PRESERVED_SPECIMEN","BR0000008568762","Bouxin G. & Radoux M.","BR",NA,NA
"128","Justicia heterocarpa",NA,NA,NA,NA,NA,NA,15.583333,39.25,"WGS84",NA,NA,NA,NA,1969,"https://data.biodiversitydata.nl/naturalis/specimen/WAG.1280675","PRESERVED_SPECIMEN","WAG.1280675","Wilde JJFE de","Botany",NA,NA
"129","Justicia heterocarpa",NA,NA,NA,NA,NA,NA,-1.966667,30.566667,"WGS84",NA,NA,NA,NA,1969,"http://www.botanicalcollections.be/specimen/BR0000008568786","PRESERVED_SPECIMEN","BR0000008568786","Bouxin G. & Radoux M.","BR",NA,NA
"130","Justicia heterocarpa",NA,NA,NA,NA,NA,NA,-10.266667,28.133333,"WGS84",NA,NA,NA,NA,1969,"http://www.botanicalcollections.be/specimen/BR0000005970124","PRESERVED_SPECIMEN","BR0000005970124","Malaisse F.","BR",NA,NA
"131","Justicia heterocarpa",NA,NA,NA,NA,NA,NA,-1.783333,30.7,"WGS84",NA,NA,NA,NA,1969,"http://www.botanicalcollections.be/specimen/BR0000008568144","PRESERVED_SPECIMEN","BR0000008568144","Bouxin G. & Radoux M.","BR",NA,NA
"132","Justicia heterocarpa",NA,NA,NA,NA,NA,NA,-2.35,29.45,"WGS84",NA,NA,NA,NA,1969,"http://www.botanicalcollections.be/specimen/BR0000008568526","PRESERVED_SPECIMEN","BR0000008568526","Neel H.","BR",NA,NA
"133","Justicia heterocarpa",NA,NA,NA,NA,NA,NA,-20.416667,17.25,"WGS84",NA,NA,NA,NA,1968,"https://data.biodiversitydata.nl/naturalis/specimen/WAG.1280669","PRESERVED_SPECIMEN","WAG.1280669","Meyer PG","Botany",NA,NA
"134","Justicia heterocarpa",NA,NA,NA,NA,NA,NA,8.9,39.866667,"WGS84",NA,NA,NA,NA,1966,"https://data.biodiversitydata.nl/naturalis/specimen/WAG.1280676","PRESERVED_SPECIMEN","WAG.1280676","Wilde WJJO de; Wilde-Duyfjes BEE de","Botany",NA,NA
"135","Justicia heterocarpa",NA,NA,NA,NA,NA,NA,8.9,39.866667,"WGS84",NA,NA,NA,NA,1966,"https://data.biodiversitydata.nl/naturalis/specimen/WAG.1280677","PRESERVED_SPECIMEN","WAG.1280677","Wilde WJJO de; Wilde-Duyfjes BEE de","Botany",NA,NA
"136","Justicia heterocarpa",NA,NA,NA,NA,NA,NA,7.2,38.6,"WGS84",NA,NA,NA,NA,1965,"LD:General:1566862","PRESERVED_SPECIMEN","1566862","W. J. J. O. de Wilde & B. E. E. de Wilde-Duyfjes","General",NA,NA
"137","Justicia heterocarpa",NA,NA,NA,NA,NA,NA,7,38,"WGS84",NA,NA,NA,NA,1965,"https://data.biodiversitydata.nl/naturalis/specimen/WAG0000015","PRESERVED_SPECIMEN","WAG0000015","Wilde WJJO de; Wilde-Duyfjes BEE de","Botany",NA,NA
"138","Justicia heterocarpa",NA,NA,NA,NA,NA,NA,7,38,"WGS84",NA,NA,NA,NA,1965,"https://data.biodiversitydata.nl/naturalis/specimen/WAG0000016","PRESERVED_SPECIMEN","WAG0000016","Wilde WJJO de; Wilde-Duyfjes BEE de","Botany",NA,NA
"139","Justicia heterocarpa",NA,NA,NA,NA,NA,NA,4.883333,38.083333,"WGS84",NA,NA,NA,NA,1962,"https://data.biodiversitydata.nl/naturalis/specimen/WAG.1280686","PRESERVED_SPECIMEN","WAG.1280686","Mooney HF","Botany",NA,NA
"140","Justicia heterocarpa",NA,NA,NA,NA,NA,NA,-22.05,17.366667,"WGS84",NA,NA,NA,NA,1961,"https://data.biodiversitydata.nl/naturalis/specimen/L.2833574","PRESERVED_SPECIMEN","L.2833574","Seydel R","Botany",NA,NA
"141","Justicia heterocarpa",NA,NA,NA,NA,NA,NA,2.033333,30.533333,"WGS84",NA,NA,NA,NA,1959,"http://www.botanicalcollections.be/specimen/BR0000008567802","PRESERVED_SPECIMEN","BR0000008567802","Deville A.","BR",NA,NA
"142","Justicia heterocarpa",NA,NA,NA,NA,NA,NA,-3.25,30.033333,"WGS84",NA,NA,NA,NA,1958,"http://www.botanicalcollections.be/specimen/BR0000008568663","PRESERVED_SPECIMEN","BR0000008568663","Van Der Ben D.","BR",NA,NA
"143","Justicia heterocarpa",NA,NA,NA,NA,NA,NA,-1.4,30.55,"WGS84",NA,NA,NA,NA,1958,"http://www.botanicalcollections.be/specimen/BR0000008568243","PRESERVED_SPECIMEN","BR0000008568243","Troupin G.","BR",NA,NA
"144","Justicia heterocarpa",NA,NA,NA,NA,NA,NA,-3.8,29.416667,"WGS84",NA,NA,NA,NA,1958,"http://www.botanicalcollections.be/specimen/BR0000008568878","PRESERVED_SPECIMEN","BR0000008568878","Van Der Ben D.","BR",NA,NA
"145","Justicia heterocarpa",NA,NA,NA,NA,NA,NA,-2.3,30.166667,"WGS84",NA,NA,NA,NA,1958,"http://www.botanicalcollections.be/specimen/BR0000008568908","PRESERVED_SPECIMEN","BR0000008568908","Troupin G.","BR",NA,NA
"146","Justicia heterocarpa",NA,NA,NA,NA,NA,NA,-1.45,30.45,"WGS84",NA,NA,NA,NA,1958,"http://www.botanicalcollections.be/specimen/BR0000008561428","PRESERVED_SPECIMEN","BR0000008561428","Troupin G.","BR",NA,NA
"147","Justicia heterocarpa",NA,NA,NA,NA,NA,NA,-2.416667,30.166667,"WGS84",NA,NA,NA,NA,1958,"http://www.botanicalcollections.be/specimen/BR0000008561459","PRESERVED_SPECIMEN","BR0000008561459","Troupin G.","BR",NA,NA
"148","Justicia heterocarpa",NA,NA,NA,NA,NA,NA,-2.166667,30.533333,"WGS84",NA,NA,NA,NA,1958,"http://www.botanicalcollections.be/specimen/BR0000008568212","PRESERVED_SPECIMEN","BR0000008568212","Troupin G.","BR",NA,NA
"149","Justicia heterocarpa",NA,NA,NA,NA,NA,NA,-1.433333,30.266667,"WGS84",NA,NA,NA,NA,1958,"http://www.botanicalcollections.be/specimen/BR0000008568540","PRESERVED_SPECIMEN","BR0000008568540","Troupin G.","BR",NA,NA
"150","Justicia heterocarpa",NA,NA,NA,NA,NA,NA,-1.433333,30.266667,"WGS84",NA,NA,NA,NA,1958,"http://www.botanicalcollections.be/specimen/BR0000008568335","PRESERVED_SPECIMEN","BR0000008568335","Troupin G.","BR",NA,NA
"151","Justicia heterocarpa",NA,NA,NA,NA,NA,NA,-2.483333,29.766667,"WGS84",NA,NA,NA,NA,1958,"http://www.botanicalcollections.be/specimen/BR0000008568519","PRESERVED_SPECIMEN","BR0000008568519","Michel G.","BR",NA,NA
"152","Justicia heterocarpa",NA,NA,NA,NA,NA,NA,-2.483333,29.766667,"WGS84",NA,NA,NA,NA,1958,"https://data.biodiversitydata.nl/naturalis/specimen/WAG.1280680","PRESERVED_SPECIMEN","WAG.1280680","Michel G","Botany",NA,NA
"153","Justicia heterocarpa",NA,NA,NA,NA,NA,NA,-1.283333,30.366667,"WGS84",NA,NA,NA,NA,1958,"http://www.botanicalcollections.be/specimen/BR0000008568991","PRESERVED_SPECIMEN","BR0000008568991","Troupin G.","BR",NA,NA
"154","Justicia heterocarpa",NA,NA,NA,NA,NA,NA,-2.483333,29.766667,"WGS84",NA,NA,NA,NA,1958,"http://www.botanicalcollections.be/specimen/BR0000008568182","PRESERVED_SPECIMEN","BR0000008568182","Michel G.","BR",NA,NA
"155","Justicia heterocarpa",NA,NA,NA,NA,NA,NA,-1.283333,30.366667,"WGS84",NA,NA,NA,NA,1958,"http://www.botanicalcollections.be/specimen/BR0000008568366","PRESERVED_SPECIMEN","BR0000008568366","Troupin G.","BR",NA,NA
"156","Justicia heterocarpa",NA,NA,NA,NA,NA,NA,-2.533333,28.75,"WGS84",NA,NA,NA,NA,1957,"http://www.botanicalcollections.be/specimen/BR0000008567482","PRESERVED_SPECIMEN","BR0000008567482","Gutzwiller R.","BR",NA,NA
"157","Justicia heterocarpa",NA,NA,NA,NA,NA,NA,-1.433333,30.266667,"WGS84",NA,NA,NA,NA,1957,"http://www.botanicalcollections.be/specimen/BR0000008568854","PRESERVED_SPECIMEN","BR0000008568854","Troupin G.","BR",NA,NA
"158","Justicia heterocarpa",NA,NA,NA,NA,NA,NA,-1.05,30.45,"WGS84",NA,NA,NA,NA,1957,"http://www.botanicalcollections.be/specimen/BR0000008561510","PRESERVED_SPECIMEN","BR0000008561510","Troupin G.","BR",NA,NA
"159","Justicia heterocarpa",NA,NA,NA,NA,NA,NA,-4.789868,38.295256,"WGS84",NA,NA,NA,NA,1957,"TanBIF:TAFORI-LSRC:ACANTH:SHA:1098","PRESERVED_SPECIMEN","ACANTH:SHA:1098","Shabani","ACANTHACEAE",NA,NA
"160","Justicia heterocarpa",NA,NA,NA,NA,NA,NA,-1.433333,30.266667,"WGS84",NA,NA,NA,NA,1957,"http://www.botanicalcollections.be/specimen/BR0000008568496","PRESERVED_SPECIMEN","BR0000008568496","Troupin G.","BR",NA,NA
"161","Justicia heterocarpa",NA,NA,NA,NA,NA,NA,-1.433333,30.533333,"WGS84",NA,NA,NA,NA,1957,"http://www.botanicalcollections.be/specimen/BR0000008568823","PRESERVED_SPECIMEN","BR0000008568823","Troupin G.","BR",NA,NA
"162","Justicia heterocarpa",NA,NA,NA,NA,NA,NA,-2.483333,28.85,"WGS84",NA,NA,NA,NA,1956,"http://www.botanicalcollections.be/specimen/BR0000008567819","PRESERVED_SPECIMEN","BR0000008567819","Gutzwiller R.","BR",NA,NA
"163","Justicia heterocarpa",NA,NA,NA,NA,NA,NA,-2.333333,30.233333,"WGS84",NA,NA,NA,NA,1954,"http://www.botanicalcollections.be/specimen/BR0000008568816","PRESERVED_SPECIMEN","BR0000008568816","Liben L.","BR",NA,NA
"164","Justicia heterocarpa",NA,NA,NA,NA,NA,NA,0.316667,29.75,"WGS84",NA,NA,NA,NA,1954,"http://www.botanicalcollections.be/specimen/BR0000008569134","PRESERVED_SPECIMEN","BR0000008569134","de Witte G.F.","BR",NA,NA
"165","Justicia heterocarpa",NA,NA,NA,NA,NA,NA,-4.8761,38.366087,"WGS84",NA,NA,NA,NA,1954,"TanBIF:TAFORI-LSRC:ACANTH:CSC:340","PRESERVED_SPECIMEN","ACANTH:CSC:340","Christina Schlage","ACANTHACEAE",NA,NA
"166","Justicia heterocarpa",NA,NA,NA,NA,NA,NA,-1.05,30.45,"WGS84",NA,NA,NA,NA,1954,"http://www.botanicalcollections.be/specimen/BR0000008568311","PRESERVED_SPECIMEN","BR0000008568311","Christiaensen A.R.","BR",NA,NA
"167","Justicia heterocarpa",NA,NA,NA,NA,NA,NA,-11.616667,27.533333,"WGS84",NA,NA,NA,NA,1952,"http://www.botanicalcollections.be/specimen/BR0000005970452","PRESERVED_SPECIMEN","BR0000005970452","Schmitz A.","BR",NA,NA
"168","Justicia heterocarpa",NA,NA,NA,NA,NA,NA,-2.466667,32.883333,"WGS84",NA,NA,NA,NA,1952,"https://data.biodiversitydata.nl/naturalis/specimen/WAG.1280684","PRESERVED_SPECIMEN","WAG.1280684","Tanner RES","Botany",NA,NA
"169","Justicia heterocarpa",NA,NA,NA,NA,NA,NA,-2.816667,28.833333,"WGS84",NA,NA,NA,NA,1952,"http://www.botanicalcollections.be/specimen/BR0000008567796","PRESERVED_SPECIMEN","BR0000008567796","Laurent J.F.","BR",NA,NA
"170","Justicia heterocarpa",NA,NA,NA,NA,NA,NA,2.166667,30.7,"WGS84",NA,NA,NA,NA,1952,"http://www.botanicalcollections.be/specimen/BR0000008569127","PRESERVED_SPECIMEN","BR0000008569127","Liben L.","BR",NA,NA
"171","Justicia heterocarpa",NA,NA,NA,NA,NA,NA,-3.433333,30.4,"WGS84",NA,NA,NA,NA,1952,"http://www.botanicalcollections.be/specimen/BR0000008568847","PRESERVED_SPECIMEN","BR0000008568847","Michel G.","BR",NA,NA
"172","Justicia heterocarpa",NA,NA,NA,NA,NA,NA,-3.45,30.433333,"WGS84",NA,NA,NA,NA,1951,"http://www.botanicalcollections.be/specimen/BR0000008568830","PRESERVED_SPECIMEN","BR0000008568830","Michel G. & Reed","BR",NA,NA
"173","Justicia heterocarpa",NA,NA,NA,NA,NA,NA,2.166667,30.833333,"WGS84",NA,NA,NA,NA,1947,"http://www.botanicalcollections.be/specimen/BR0000008568793","PRESERVED_SPECIMEN","BR0000008568793","Taton A.","BR",NA,NA
"174","Justicia heterocarpa",NA,NA,NA,NA,NA,NA,-1.516667,30.466667,"WGS84",NA,NA,NA,NA,1938,"http://www.botanicalcollections.be/specimen/BR0000005957842","PRESERVED_SPECIMEN","BR0000005957842","Lebrun J.","BR",NA,NA
"175","Justicia heterocarpa",NA,NA,NA,NA,NA,NA,-1.433333,30.533333,"WGS84",NA,NA,NA,NA,1938,"http://www.botanicalcollections.be/specimen/BR0000008568151","PRESERVED_SPECIMEN","BR0000008568151","Lebrun J.","BR",NA,NA
"176","Justicia heterocarpa",NA,NA,NA,NA,NA,NA,-1.516667,30.466667,"WGS84",NA,NA,NA,NA,1938,"http://www.botanicalcollections.be/specimen/BR0000008568489","PRESERVED_SPECIMEN","BR0000008568489","Lebrun J.","BR",NA,NA
"177","Justicia heterocarpa",NA,NA,NA,NA,NA,NA,-1.55,30.4,"WGS84",NA,NA,NA,NA,1938,"http://www.botanicalcollections.be/specimen/BR0000008568977","PRESERVED_SPECIMEN","BR0000008568977","Lebrun J.","BR",NA,NA
"178","Justicia heterocarpa",NA,NA,NA,NA,NA,NA,-11.666667,27.466667,"WGS84",NA,NA,NA,NA,1937,"https://data.biodiversitydata.nl/naturalis/specimen/WAG.1280659","PRESERVED_SPECIMEN","WAG.1280659","Salésiens J","Botany",NA,NA
"179","Justicia heterocarpa",NA,NA,NA,NA,NA,NA,0.766667,24.45,"WGS84",NA,NA,NA,NA,1936,"http://www.botanicalcollections.be/specimen/BR0000005957989","PRESERVED_SPECIMEN","BR0000005957989","Louis J.","BR",NA,NA
"180","Justicia heterocarpa",NA,NA,NA,NA,NA,NA,0.766667,24.45,"WGS84",NA,NA,NA,NA,1936,"http://www.botanicalcollections.be/specimen/BR0000005958313","PRESERVED_SPECIMEN","BR0000005958313","Louis J.","BR",NA,NA
"181","Justicia heterocarpa",NA,NA,NA,NA,NA,NA,-1.616667,29.133333,"WGS84",NA,NA,NA,NA,1934,"http://www.botanicalcollections.be/specimen/BR0000005958641","PRESERVED_SPECIMEN","BR0000005958641","de Witte G.F.","BR",NA,NA
"182","Justicia heterocarpa",NA,NA,NA,NA,NA,NA,-1.616667,29.133333,"WGS84",NA,NA,NA,NA,1934,"http://www.botanicalcollections.be/specimen/BR0000008568472","PRESERVED_SPECIMEN","BR0000008568472","de Witte G.F.","BR",NA,NA
"183","Justicia heterocarpa",NA,NA,NA,NA,NA,NA,2.033333,30.533333,"WGS84",NA,NA,NA,NA,1934,"http://www.botanicalcollections.be/specimen/BR0000008567475","PRESERVED_SPECIMEN","BR0000008567475","De Craene A.P.","BR",NA,NA
"184","Justicia heterocarpa",NA,NA,NA,NA,NA,NA,-1.783333,30.083333,"WGS84",NA,NA,NA,NA,1932,"http://www.botanicalcollections.be/specimen/BR0000005958979","PRESERVED_SPECIMEN","BR0000005958979","Becquet A.","BR",NA,NA
"185","Justicia heterocarpa",NA,NA,NA,NA,NA,NA,-1.783333,30.083333,"WGS84",NA,NA,NA,NA,1932,"http://www.botanicalcollections.be/specimen/BR0000008568403","PRESERVED_SPECIMEN","BR0000008568403","Becquet A.","BR",NA,NA
"186","Justicia heterocarpa",NA,NA,NA,NA,NA,NA,-2,29,"WGS84",NA,NA,NA,NA,1929,"http://www.botanicalcollections.be/specimen/BR0000005959303","PRESERVED_SPECIMEN","BR0000005959303","Humbert H.","BR",NA,NA
"187","Justicia heterocarpa",NA,NA,NA,NA,NA,NA,-2,29,"WGS84",NA,NA,NA,NA,1929,"http://www.botanicalcollections.be/specimen/BR0000008567130","PRESERVED_SPECIMEN","BR0000008567130","Humbert H.","BR",NA,NA
"188","Justicia heterocarpa",NA,NA,NA,NA,NA,NA,-3.433333,29.933333,"WGS84",NA,NA,NA,NA,1922,"http://www.botanicalcollections.be/specimen/BR0000008568175","PRESERVED_SPECIMEN","BR0000008568175","Elskens O.A.J.","BR",NA,NA
"189","Justicia heterocarpa",NA,NA,NA,NA,NA,NA,0.483333,29.466667,"WGS84",NA,NA,NA,NA,1914,"http://www.botanicalcollections.be/specimen/BR0000008567154","PRESERVED_SPECIMEN","BR0000008567154","Bequaert J.","BR",NA,NA
"190","Justicia heterocarpa",NA,NA,NA,NA,NA,NA,2.433333,22.033333,"WGS84",NA,NA,NA,NA,1913,"http://www.botanicalcollections.be/specimen/BR0000008568137","PRESERVED_SPECIMEN","BR0000008568137","De Giorgi S.","BR",NA,NA
"191","Justicia heterocarpa",NA,NA,NA,NA,NA,NA,2.883333,22.383333,"WGS84",NA,NA,NA,NA,1913,"http://www.botanicalcollections.be/specimen/BR0000008568465","PRESERVED_SPECIMEN","BR0000008568465","Mortehan M.","BR",NA,NA
"192","Justicia heterocarpa",NA,NA,NA,NA,NA,NA,-9.283333,33.616667,"WGS84",NA,NA,NA,NA,1912,"https://data.biodiversitydata.nl/naturalis/specimen/L.2833403","PRESERVED_SPECIMEN","L.2833403","Stolz AF","Botany",NA,NA
"193","Justicia heterocarpa",NA,NA,NA,NA,NA,NA,-9.283333,33.616667,"WGS84",NA,NA,NA,NA,1912,"https://data.biodiversitydata.nl/naturalis/specimen/U.1047555","PRESERVED_SPECIMEN","U.1047555","Stolz AF","Botany",NA,NA
"194","Justicia heterocarpa",NA,NA,NA,NA,NA,NA,-9.283333,33.616667,"WGS84",NA,NA,NA,NA,1912,"https://data.biodiversitydata.nl/naturalis/specimen/WAG.1281097","PRESERVED_SPECIMEN","WAG.1281097","Stolz AF","Botany",NA,NA
"195","Justicia heterocarpa",NA,NA,NA,NA,NA,NA,-9.283333,33.616667,"WGS84",NA,NA,NA,NA,1912,"https://data.biodiversitydata.nl/naturalis/specimen/WAG.1281098","PRESERVED_SPECIMEN","WAG.1281098","Stolz AF","Botany",NA,NA
"196","Justicia heterocarpa",NA,NA,NA,NA,NA,NA,-22.1,17.916667,"WGS84",NA,NA,NA,NA,1907,"https://data.biodiversitydata.nl/naturalis/specimen/L%20%200003045","PRESERVED_SPECIMEN","L  0003045","Dinter MK","Botany",NA,NA
"197","Justicia heterocarpa",NA,NA,NA,NA,NA,NA,-22.1,17.916667,"WGS84",NA,NA,NA,NA,1907,"https://data.biodiversitydata.nl/naturalis/specimen/U.1047566","PRESERVED_SPECIMEN","U.1047566","Dinter MK","Botany",NA,NA
"198","Justicia heterocarpa",NA,NA,NA,NA,NA,NA,-22.1,17.916667,"WGS84",NA,NA,NA,NA,1907,"https://data.biodiversitydata.nl/naturalis/specimen/WAG0193503","PRESERVED_SPECIMEN","WAG0193503","Dinter MK","Botany",NA,NA
"199","Justicia heterocarpa",NA,NA,NA,NA,NA,NA,23.242,69.666932,"WGS84",NA,NA,NA,NA,NA,"BARO:Angiosperm:123450015729","PRESERVED_SPECIMEN","1.23E+11","KSS Rao","Angiosperm",NA,NA
"200","Justicia heterocarpa",NA,NA,NA,NA,NA,NA,23.242,69.666932,"WGS84",NA,NA,NA,NA,NA,"BARO:Angiosperm:123450015730","PRESERVED_SPECIMEN","1.23E+11","KSS Rao","Angiosperm",NA,NA
"201","Justicia heterocarpa",NA,NA,NA,NA,NA,NA,23.801337,73.323339,"WGS84",NA,NA,NA,NA,NA,"BARO:Angiosperm:123450025942","PRESERVED_SPECIMEN","1.23E+11","R.Bhatt","Angiosperm",NA,NA
"202","Justicia heterocarpa",NA,NA,NA,NA,NA,NA,23.801337,73.323339,"WGS84",NA,NA,NA,NA,NA,"BARO:Angiosperm:123450025943","PRESERVED_SPECIMEN","1.23E+11","R.Bhatt","Angiosperm",NA,NA
"203","Justicia heterocarpa",NA,NA,NA,NA,NA,NA,23.801337,73.323339,"WGS84",NA,NA,NA,NA,NA,"BARO:Angiosperm:123450025944","PRESERVED_SPECIMEN","1.23E+11","R.Bhatt","Angiosperm",NA,NA
"204","Justicia heterocarpa",NA,NA,NA,NA,NA,NA,23.965823,72.752473,"WGS84",NA,NA,NA,NA,NA,"BARO:Angiosperm:123450025945","PRESERVED_SPECIMEN","1.23E+11","R.Bhatt","Angiosperm",NA,NA
"205","Justicia heterocarpa",NA,NA,NA,NA,NA,NA,23.801337,73.323339,"WGS84",NA,NA,NA,NA,NA,"BARO:Angiosperm:123450025946","PRESERVED_SPECIMEN","1.23E+11","R.Bhatt","Angiosperm",NA,NA
"206","Justicia heterocarpa",NA,NA,NA,NA,NA,NA,2.166667,30.666667,"WGS84",NA,NA,NA,NA,NA,"http://www.botanicalcollections.be/specimen/BR0000008567468","PRESERVED_SPECIMEN","BR0000008567468","Jurion F.","BR",NA,NA
"207","Justicia heterocarpa",NA,NA,NA,NA,NA,NA,-2.416667,30.083333,"WGS84",NA,NA,NA,NA,NA,"http://www.botanicalcollections.be/specimen/BR0000008568694","PRESERVED_SPECIMEN","BR0000008568694","Van Oosten","BR",NA,NA
"208","Justicia heterocarpa",NA,NA,NA,NA,NA,NA,-2.983333,29.1,"WGS84",NA,NA,NA,NA,NA,"http://www.botanicalcollections.be/specimen/BR0000008568809","PRESERVED_SPECIMEN","BR0000008568809","Gilon A.P.J.","BR",NA,NA
