basisOfRecord,genus,specificEpithet,sci_name,latitude,longitude,coordinateUncertaintyInMeters,locality,event_year,catalogNumber,spatialref,presence,origin,seasonal,data_sens,source,yrcompiled,compiler,citation,recordedBy,recordNumber,datasetKey,group,geocat_id,geocat_source,geocat_use,geocat_notes,geocat_native,geocat_deleted
HUMAN_OBSERVATION,Justicia,heterocarpa,NA,-22.490078,30.207145,4,"Musina, Musina, LP, ZA",2023,150909736,WGS84,NA,NA,NA,NA,https://www.inaturalist.org/observations/150909736,NA,NA,NA,Troos van der Merwe,Observations,50c9509d-22c7-4a22-a47d-8c48425ef4a7,NA,gbif1,GBIF,FALSE,NA,FALSE,FALSE
HUMAN_OBSERVATION,Justicia,heterocarpa,NA,-20.196035,28.616761,309,"Hillside Dams, Bulawayo, Zimbabwe",2022,108806502,WGS84,NA,NA,NA,NA,https://www.inaturalist.org/observations/108806502,NA,NA,NA,Moira FitzPatrick,Observations,50c9509d-22c7-4a22-a47d-8c48425ef4a7,NA,gbif2,GBIF,TRUE,NA,TRUE,FALSE
HUMAN_OBSERVATION,Justicia,heterocarpa,NA,19.189465,73.072749,NA,NA,2022,NA,WGS84,NA,NA,NA,NA,o-1016064689,NA,NA,NA,NA,NA,7a3679ef-5582-4aaa-81f0-8c2545cafc81,NA,gbif3,GBIF,TRUE,NA,TRUE,FALSE
HUMAN_OBSERVATION,Justicia,heterocarpa,NA,-22.488238,31.06102,25,"Vhembe, Kruger National Park, ZA-NP, ZA",2021,72818613,WGS84,NA,NA,NA,NA,https://www.inaturalist.org/observations/72818613,NA,NA,NA,athol_ferguson,Observations,50c9509d-22c7-4a22-a47d-8c48425ef4a7,NA,gbif4,GBIF,FALSE,NA,FALSE,FALSE
HUMAN_OBSERVATION,Justicia,heterocarpa,NA,-19.962822,23.462337,4,"Maun, North-West, BW",2021,76907974,WGS84,NA,NA,NA,NA,https://www.inaturalist.org/observations/76907974,NA,NA,NA,Riana Fourie,Observations,50c9509d-22c7-4a22-a47d-8c48425ef4a7,NA,gbif5,GBIF,TRUE,NA,TRUE,FALSE
HUMAN_OBSERVATION,Justicia,heterocarpa,NA,0.230996,37.468175,NA,NA,2020,NA,WGS84,NA,NA,NA,NA,o-1005402295,NA,NA,NA,NA,NA,7a3679ef-5582-4aaa-81f0-8c2545cafc81,NA,gbif6,GBIF,TRUE,NA,TRUE,FALSE
HUMAN_OBSERVATION,Justicia,heterocarpa,NA,0.230996,37.468175,NA,NA,2020,NA,WGS84,NA,NA,NA,NA,q-10129028996,NA,NA,NA,NA,NA,14d5676a-2c54-4f94-9023-1e8dcd822aa0,NA,gbif7,GBIF,TRUE,NA,TRUE,FALSE
HUMAN_OBSERVATION,Justicia,heterocarpa,NA,0.263918,37.496359,NA,NA,2020,NA,WGS84,NA,NA,NA,NA,o-1005423635,NA,NA,NA,NA,NA,7a3679ef-5582-4aaa-81f0-8c2545cafc81,NA,gbif8,GBIF,TRUE,NA,TRUE,FALSE
HUMAN_OBSERVATION,Justicia,heterocarpa,NA,0.261628,37.496879,NA,NA,2020,NA,WGS84,NA,NA,NA,NA,o-1005434985,NA,NA,NA,NA,NA,7a3679ef-5582-4aaa-81f0-8c2545cafc81,NA,gbif9,GBIF,TRUE,NA,TRUE,FALSE
HUMAN_OBSERVATION,Justicia,heterocarpa,NA,0.261874,37.496516,NA,NA,2020,NA,WGS84,NA,NA,NA,NA,o-1005456866,NA,NA,NA,NA,NA,7a3679ef-5582-4aaa-81f0-8c2545cafc81,NA,gbif10,GBIF,TRUE,NA,TRUE,FALSE
HUMAN_OBSERVATION,Justicia,heterocarpa,NA,0.261874,37.496516,NA,NA,2020,NA,WGS84,NA,NA,NA,NA,o-1005456938,NA,NA,NA,NA,NA,7a3679ef-5582-4aaa-81f0-8c2545cafc81,NA,gbif11,GBIF,TRUE,NA,TRUE,FALSE
HUMAN_OBSERVATION,Justicia,heterocarpa,NA,0.261874,37.496516,NA,NA,2020,NA,WGS84,NA,NA,NA,NA,o-1005468143,NA,NA,NA,NA,NA,7a3679ef-5582-4aaa-81f0-8c2545cafc81,NA,gbif12,GBIF,TRUE,NA,TRUE,FALSE
HUMAN_OBSERVATION,Justicia,heterocarpa,NA,0.256911,37.47859,NA,NA,2020,NA,WGS84,NA,NA,NA,NA,o-1005476341,NA,NA,NA,NA,NA,7a3679ef-5582-4aaa-81f0-8c2545cafc81,NA,gbif13,GBIF,TRUE,NA,TRUE,FALSE
HUMAN_OBSERVATION,Justicia,heterocarpa,NA,0.266533,37.464958,NA,NA,2020,NA,WGS84,NA,NA,NA,NA,o-1005477797,NA,NA,NA,NA,NA,7a3679ef-5582-4aaa-81f0-8c2545cafc81,NA,gbif14,GBIF,TRUE,NA,TRUE,FALSE
HUMAN_OBSERVATION,Justicia,heterocarpa,NA,0.26086,37.4968,NA,NA,2020,NA,WGS84,NA,NA,NA,NA,o-1005512712,NA,NA,NA,NA,NA,7a3679ef-5582-4aaa-81f0-8c2545cafc81,NA,gbif15,GBIF,TRUE,NA,TRUE,FALSE
HUMAN_OBSERVATION,Justicia,heterocarpa,NA,2.307442,37.934585,NA,NA,2020,NA,WGS84,NA,NA,NA,NA,o-1005512718,NA,NA,NA,NA,NA,7a3679ef-5582-4aaa-81f0-8c2545cafc81,NA,gbif16,GBIF,TRUE,NA,TRUE,FALSE
HUMAN_OBSERVATION,Justicia,heterocarpa,NA,0.262049,37.496413,NA,NA,2020,NA,WGS84,NA,NA,NA,NA,o-1005574805,NA,NA,NA,NA,NA,7a3679ef-5582-4aaa-81f0-8c2545cafc81,NA,gbif17,GBIF,TRUE,NA,TRUE,FALSE
HUMAN_OBSERVATION,Justicia,heterocarpa,NA,0.261933,37.496676,NA,NA,2020,NA,WGS84,NA,NA,NA,NA,o-1005574815,NA,NA,NA,NA,NA,7a3679ef-5582-4aaa-81f0-8c2545cafc81,NA,gbif18,GBIF,TRUE,NA,TRUE,FALSE
HUMAN_OBSERVATION,Justicia,heterocarpa,NA,-20.646662,17.100239,165,"Otjozondjupa, NA",2020,41294990,WGS84,NA,NA,NA,NA,https://www.inaturalist.org/observations/41294990,NA,NA,NA,mickyorrey,Observations,50c9509d-22c7-4a22-a47d-8c48425ef4a7,NA,gbif19,GBIF,TRUE,NA,TRUE,FALSE
HUMAN_OBSERVATION,Justicia,heterocarpa,NA,0.180782,37.488977,NA,NA,2020,NA,WGS84,NA,NA,NA,NA,o-1005599654,NA,NA,NA,NA,NA,7a3679ef-5582-4aaa-81f0-8c2545cafc81,NA,gbif20,GBIF,TRUE,NA,TRUE,FALSE
HUMAN_OBSERVATION,Justicia,heterocarpa,NA,0.260283,37.497397,NA,NA,2020,NA,WGS84,NA,NA,NA,NA,o-1005800091,NA,NA,NA,NA,NA,7a3679ef-5582-4aaa-81f0-8c2545cafc81,NA,gbif21,GBIF,TRUE,NA,TRUE,FALSE
HUMAN_OBSERVATION,Justicia,heterocarpa,NA,0.180782,37.488977,NA,NA,2020,NA,WGS84,NA,NA,NA,NA,q-10136082658,NA,NA,NA,NA,NA,14d5676a-2c54-4f94-9023-1e8dcd822aa0,NA,gbif22,GBIF,TRUE,NA,TRUE,FALSE
HUMAN_OBSERVATION,Justicia,heterocarpa,NA,0.261742,37.496935,NA,NA,2020,NA,WGS84,NA,NA,NA,NA,o-1005919096,NA,NA,NA,NA,NA,7a3679ef-5582-4aaa-81f0-8c2545cafc81,NA,gbif23,GBIF,TRUE,NA,TRUE,FALSE
HUMAN_OBSERVATION,Justicia,heterocarpa,NA,0.256,37.501961,NA,NA,2020,NA,WGS84,NA,NA,NA,NA,o-1007168785,NA,NA,NA,NA,NA,7a3679ef-5582-4aaa-81f0-8c2545cafc81,NA,gbif24,GBIF,TRUE,NA,TRUE,FALSE
HUMAN_OBSERVATION,Justicia,heterocarpa,NA,0.261932,37.496672,NA,NA,2020,NA,WGS84,NA,NA,NA,NA,o-1007706426,NA,NA,NA,NA,NA,7a3679ef-5582-4aaa-81f0-8c2545cafc81,NA,gbif25,GBIF,TRUE,NA,TRUE,FALSE
HUMAN_OBSERVATION,Justicia,heterocarpa,NA,0.260402,37.896152,NA,NA,2020,NA,WGS84,NA,NA,NA,NA,o-1007752073,NA,NA,NA,NA,NA,7a3679ef-5582-4aaa-81f0-8c2545cafc81,NA,gbif26,GBIF,TRUE,NA,TRUE,FALSE
HUMAN_OBSERVATION,Justicia,heterocarpa,NA,0.256,37.501961,NA,NA,2020,NA,WGS84,NA,NA,NA,NA,q-10190831569,NA,NA,NA,NA,NA,14d5676a-2c54-4f94-9023-1e8dcd822aa0,NA,gbif27,GBIF,TRUE,NA,TRUE,FALSE
HUMAN_OBSERVATION,Justicia,heterocarpa,NA,0.244568,37.392564,NA,NA,2020,NA,WGS84,NA,NA,NA,NA,o-1008670771,NA,NA,NA,NA,NA,7a3679ef-5582-4aaa-81f0-8c2545cafc81,NA,gbif28,GBIF,TRUE,NA,TRUE,FALSE
HUMAN_OBSERVATION,Justicia,heterocarpa,NA,0.268353,37.47749,NA,NA,2018,NA,WGS84,NA,NA,NA,NA,o-1005203736,NA,NA,NA,NA,NA,7a3679ef-5582-4aaa-81f0-8c2545cafc81,NA,gbif29,GBIF,TRUE,NA,TRUE,FALSE
HUMAN_OBSERVATION,Justicia,heterocarpa,NA,0.251012,37.496197,NA,NA,2018,NA,WGS84,NA,NA,NA,NA,o-1005203660,NA,NA,NA,NA,NA,7a3679ef-5582-4aaa-81f0-8c2545cafc81,NA,gbif30,GBIF,TRUE,NA,TRUE,FALSE
PRESERVED_SPECIMEN,Justicia,heterocarpa,NA,17.07056,54.44639,NA,NA,2015,2016-0002248,WGS84,NA,NA,NA,NA,https://w.jacq.org/W20160002248,NA,NA,NA,"Escobar García,P.",Herbarium W,7f5260c2-f762-11e1-a439-00145eb45e9a,NA,gbif31,GBIF,TRUE,NA,TRUE,FALSE
PRESERVED_SPECIMEN,Justicia,heterocarpa,NA,-20.438577,28.748227,NA,NA,2014,BR0000027312124V,WGS84,NA,NA,NA,NA,http://www.botanicalcollections.be/specimen/BR0000027312124V,NA,NA,NA,Ballings P. & Würsten B.,BR,b740eaa0-0679-41dc-acb7-990d562dfa37,NA,gbif32,GBIF,TRUE,NA,TRUE,FALSE
PRESERVED_SPECIMEN,Justicia,heterocarpa,NA,5.316667,37.46,NA,NA,2011,BR0000015242365V,WGS84,NA,NA,NA,NA,http://www.botanicalcollections.be/specimen/BR0000015242365V,NA,NA,NA,"Friis I., Crawford F., Abebe W. & Getachew E.",BR,b740eaa0-0679-41dc-acb7-990d562dfa37,NA,gbif33,GBIF,TRUE,NA,TRUE,FALSE
PRESERVED_SPECIMEN,Justicia,heterocarpa,NA,5.316667,37.46,NA,NA,2011,WAG.1961240,WGS84,NA,NA,NA,NA,https://data.biodiversitydata.nl/naturalis/specimen/WAG.1961240,NA,NA,NA,Friis I; Crawford FM; Wege Abebe; Ermias Getachew,Botany,15f819bd-6612-4447-854b-14d12ee1022d,NA,gbif34,GBIF,TRUE,NA,TRUE,FALSE
PRESERVED_SPECIMEN,Justicia,heterocarpa,NA,4.750833,38.800667,NA,NA,2010,WAG.1961104,WGS84,NA,NA,NA,NA,https://data.biodiversitydata.nl/naturalis/specimen/WAG.1961104,NA,NA,NA,Friis I; Harris T; Assefa Hailu; Ermias Getachew,Botany,15f819bd-6612-4447-854b-14d12ee1022d,NA,gbif35,GBIF,TRUE,NA,TRUE,FALSE
PRESERVED_SPECIMEN,Justicia,heterocarpa,NA,-6.1,32.416667,NA,NA,2009,WAG.1280681,WGS84,NA,NA,NA,NA,https://data.biodiversitydata.nl/naturalis/specimen/WAG.1280681,NA,NA,NA,Bidgood GS; Leliyo G; Vollesen KB,Botany,15f819bd-6612-4447-854b-14d12ee1022d,NA,gbif36,GBIF,TRUE,NA,TRUE,FALSE
HUMAN_OBSERVATION,Justicia,heterocarpa,NA,-19.658042,23.139225,5,Boro distributary,2007,NA,WGS84,NA,NA,NA,NA,MMH_BOB-1-09_20070417-01_jushet,NA,NA,NA,Mike Murray-Hudson,NA,602b5978-0777-41d7-8c9f-44f459b0f8ef,NA,gbif37,GBIF,TRUE,NA,TRUE,FALSE
HUMAN_OBSERVATION,Justicia,heterocarpa,NA,-19.541639,23.171423,5,Boro distributary,2007,NA,WGS84,NA,NA,NA,NA,MMH_MIL-2-15_20070522-01_jushet,NA,NA,NA,Mike Murray-Hudson,NA,602b5978-0777-41d7-8c9f-44f459b0f8ef,NA,gbif38,GBIF,TRUE,NA,TRUE,FALSE
PRESERVED_SPECIMEN,Justicia,heterocarpa,NA,-5.93,34.17,0.2,NA,2006,K000468187,WGS84,NA,NA,NA,NA,http://specimens.kew.org/herbarium/K000468187,NA,NA,NA,"Vollesen, K.; Bidgood, S.; Leliyo, G.; Hoenselaar, K.",Herbarium,cd6e21c8-9e8a-493a-8a76-fbf7862069e5,NA,gbif39,GBIF,TRUE,NA,TRUE,FALSE
PRESERVED_SPECIMEN,Justicia,heterocarpa,NA,-5.95,34.15,0.2,NA,2006,K000468175,WGS84,NA,NA,NA,NA,http://specimens.kew.org/herbarium/K000468175,NA,NA,NA,"Vollesen, K.; Bidgood, S.; Leliyo, G.; Hoenselaar, K.",Herbarium,cd6e21c8-9e8a-493a-8a76-fbf7862069e5,NA,gbif40,GBIF,TRUE,NA,TRUE,FALSE
PRESERVED_SPECIMEN,Justicia,heterocarpa,NA,-4.95,33,0.2,NA,2006,K000468506,WGS84,NA,NA,NA,NA,http://specimens.kew.org/herbarium/K000468506,NA,NA,NA,"Vollesen, K.; Bidgood, S.; Leliyo, G.; Hoenselaar, K.",Herbarium,cd6e21c8-9e8a-493a-8a76-fbf7862069e5,NA,gbif41,GBIF,TRUE,NA,TRUE,FALSE
PRESERVED_SPECIMEN,Justicia,heterocarpa,NA,-5.37,30.45,0.2,NA,2006,K000468632,WGS84,NA,NA,NA,NA,http://specimens.kew.org/herbarium/K000468632,NA,NA,NA,"Vollesen, K.; Bidgood, S.; Leliyo, G.; Hoenselaar, K.",Herbarium,cd6e21c8-9e8a-493a-8a76-fbf7862069e5,NA,gbif42,GBIF,TRUE,NA,TRUE,FALSE
PRESERVED_SPECIMEN,Justicia,heterocarpa,NA,-5.42,30.5,0.2,NA,2006,K000468664,WGS84,NA,NA,NA,NA,http://specimens.kew.org/herbarium/K000468664,NA,NA,NA,"Vollesen, K.; Bidgood, S.; Leliyo, G.; Hoenselaar, K.",Herbarium,cd6e21c8-9e8a-493a-8a76-fbf7862069e5,NA,gbif43,GBIF,TRUE,NA,TRUE,FALSE
PRESERVED_SPECIMEN,Justicia,heterocarpa,NA,6.78333,44.45,NA,NA,2006,V-216040,WGS84,NA,NA,NA,NA,UPS:BOT:V-216040,NA,NA,NA,"M. Thulin, Hassan Y. Kaariye & F. Wilhelmi",BOT,c1a13bf0-0c71-11dd-84d4-b8a03c50a862,NA,gbif44,GBIF,TRUE,NA,TRUE,FALSE
PRESERVED_SPECIMEN,Justicia,heterocarpa,NA,-5.93333,34.16667,NA,NA,2006,V-513045,WGS84,NA,NA,NA,NA,UPS:BOT:V-513045,NA,NA,NA,"S. Bidgood, K. Hoenselaar, G. Leliyo & K. Vollesen",BOT,c1a13bf0-0c71-11dd-84d4-b8a03c50a862,NA,gbif45,GBIF,TRUE,NA,TRUE,FALSE
PRESERVED_SPECIMEN,Justicia,heterocarpa,NA,-5.03,35.8,0.2,NA,2006,K000468012,WGS84,NA,NA,NA,NA,http://specimens.kew.org/herbarium/K000468012,NA,NA,NA,"Vollesen, K.; Bidgood, S.; Leliyo, G.; Hoenselaar, K.",Herbarium,cd6e21c8-9e8a-493a-8a76-fbf7862069e5,NA,gbif46,GBIF,TRUE,NA,TRUE,FALSE
PRESERVED_SPECIMEN,Justicia,heterocarpa,NA,-5.6,35.83,0.2,NA,2006,K000468085,WGS84,NA,NA,NA,NA,http://specimens.kew.org/herbarium/K000468085,NA,NA,NA,"Vollesen, K.; Bidgood, S.; Leliyo, G.; Hoenselaar, K.",Herbarium,cd6e21c8-9e8a-493a-8a76-fbf7862069e5,NA,gbif47,GBIF,TRUE,NA,TRUE,FALSE
PRESERVED_SPECIMEN,Justicia,heterocarpa,NA,-5.03333,35.8,NA,NA,2006,V-513239,WGS84,NA,NA,NA,NA,UPS:BOT:V-513239,NA,NA,NA,"S. Bidgood, K. Hoenselaar, G. Leliyo & K. Vollesen",BOT,c1a13bf0-0c71-11dd-84d4-b8a03c50a862,NA,gbif48,GBIF,TRUE,NA,TRUE,FALSE
PRESERVED_SPECIMEN,Justicia,heterocarpa,NA,10,44.95,NA,NA,2002,V-123028,WGS84,NA,NA,NA,NA,UPS:BOT:V-123028,NA,NA,NA,Mats Thulin,BOT,c1a13bf0-0c71-11dd-84d4-b8a03c50a862,NA,gbif49,GBIF,TRUE,NA,TRUE,FALSE
PRESERVED_SPECIMEN,Justicia,heterocarpa,NA,12.61667,53.95,NA,NA,2002,B 10 0113194,WGS84,NA,NA,NA,NA,https://herbarium.bgbm.org/object/B100113194,NA,NA,NA,"Kilian,N., Kürschner,H., Oberprieler,C. & Kipka,S.",Herbarium Berolinense,85714c48-f762-11e1-a439-00145eb45e9a,NA,gbif50,GBIF,TRUE,NA,TRUE,FALSE
PRESERVED_SPECIMEN,Justicia,heterocarpa,NA,13.46667,45.91667,NA,NA,2002,B 10 0459107,WGS84,NA,NA,NA,NA,https://herbarium.bgbm.org/object/B100459107,NA,NA,NA,"Hein,P. & Kürschner,H.",Herbarium Berolinense,85714c48-f762-11e1-a439-00145eb45e9a,NA,gbif51,GBIF,TRUE,NA,TRUE,FALSE
PRESERVED_SPECIMEN,Justicia,heterocarpa,NA,-6.893333,31.185278,NA,NA,2002,1810962,WGS84,NA,NA,NA,NA,urn:catalog:MO:Tropicos:1810962,NA,NA,NA,Nathan A. Mwangulango,Tropicos,e053ff53-c156-4e2e-b9b5-4462e9625424,NA,gbif52,GBIF,TRUE,NA,TRUE,FALSE
PRESERVED_SPECIMEN,Justicia,heterocarpa,NA,16.57167,52.78861,NA,NA,2002,B 10 0456271,WGS84,NA,NA,NA,NA,https://herbarium.bgbm.org/object/B100456271,NA,NA,NA,"Kilian,N., Hein,P. & Rabe,K.",Herbarium Berolinense,85714c48-f762-11e1-a439-00145eb45e9a,NA,gbif53,GBIF,TRUE,NA,TRUE,FALSE
PRESERVED_SPECIMEN,Justicia,heterocarpa,NA,16.59917,52.89083,NA,NA,2002,B 10 0456307,WGS84,NA,NA,NA,NA,https://herbarium.bgbm.org/object/B100456307,NA,NA,NA,"Kilian,N., Hein,P., Hohlstein,G. & Salem Kodah,S.A.",Herbarium Berolinense,85714c48-f762-11e1-a439-00145eb45e9a,NA,gbif54,GBIF,TRUE,NA,TRUE,FALSE
PRESERVED_SPECIMEN,Justicia,heterocarpa,NA,16.58,52.88,NA,"Yemen, gov. Al-Mahra, Wadi Mougaib, between Ka'ab and Damqaut.",2002,S20-25611,WGS84,NA,NA,NA,NA,S:VascularPlants:S20-25611,NA,NA,NA,"N. Kilian, P. Hein, G. Hohlstein & S. A. Salem Kodah",VascularPlants,0943f690-fde5-11dd-83f4-b8a03c50a862,NA,gbif55,GBIF,TRUE,NA,TRUE,FALSE
PRESERVED_SPECIMEN,Justicia,heterocarpa,NA,15.65889,52.20361,NA,NA,2002,B 10 0380823,WGS84,NA,NA,NA,NA,https://herbarium.bgbm.org/object/B100380823,NA,NA,NA,"Kilian,N., Hein,P. & Hohlstein,G.",Herbarium Berolinense,85714c48-f762-11e1-a439-00145eb45e9a,NA,gbif56,GBIF,TRUE,NA,TRUE,FALSE
PRESERVED_SPECIMEN,Justicia,heterocarpa,NA,0.66666,34.16666,NA,NA,2002,3123642,WGS84,NA,NA,NA,NA,urn:catalog:MO:Tropicos:3123642,NA,NA,NA,P.K. Rwaburindore,Tropicos,e053ff53-c156-4e2e-b9b5-4462e9625424,NA,gbif57,GBIF,TRUE,NA,TRUE,FALSE
PRESERVED_SPECIMEN,Justicia,heterocarpa,NA,-5.005556,34.958333,NA,NA,2001,CM508216,WGS84,NA,NA,NA,NA,D0BB8CBF-CE45-43C5-AC33-F969B77DE7C4,NA,NA,NA,"Kuchar, P.",Botany,f3f03cbf-1a01-4739-ae15-c1355b8c2dbf,NA,gbif58,GBIF,TRUE,NA,TRUE,FALSE
PRESERVED_SPECIMEN,Justicia,heterocarpa,NA,-5.00555,34.95833,NA,NA,2001,1596325,WGS84,NA,NA,NA,NA,urn:catalog:MO:Tropicos:1596325,NA,NA,NA,P. Kuchar,Tropicos,e053ff53-c156-4e2e-b9b5-4462e9625424,NA,gbif59,GBIF,TRUE,NA,TRUE,FALSE
PRESERVED_SPECIMEN,Justicia,heterocarpa,NA,-5.241667,34.683333,NA,NA,2001,CM508223,WGS84,NA,NA,NA,NA,E8FC3873-6BA6-4ED9-A7CA-8C4C1DB905CB,NA,NA,NA,"Kuchar, P.",Botany,f3f03cbf-1a01-4739-ae15-c1355b8c2dbf,NA,gbif60,GBIF,TRUE,NA,TRUE,FALSE
PRESERVED_SPECIMEN,Justicia,heterocarpa,NA,-5.24166,34.68333,NA,NA,2001,1596334,WGS84,NA,NA,NA,NA,urn:catalog:MO:Tropicos:1596334,NA,NA,NA,P. Kuchar,Tropicos,e053ff53-c156-4e2e-b9b5-4462e9625424,NA,gbif61,GBIF,TRUE,NA,TRUE,FALSE
PRESERVED_SPECIMEN,Justicia,heterocarpa,NA,-5.08055,35.08194,NA,NA,2001,1596386,WGS84,NA,NA,NA,NA,urn:catalog:MO:Tropicos:1596386,NA,NA,NA,P. Kuchar,Tropicos,e053ff53-c156-4e2e-b9b5-4462e9625424,NA,gbif62,GBIF,TRUE,NA,TRUE,FALSE
PRESERVED_SPECIMEN,Justicia,heterocarpa,NA,-4.87777,35.33583,NA,NA,2001,1782020,WGS84,NA,NA,NA,NA,urn:catalog:MO:Tropicos:1782020,NA,NA,NA,Emanuel I. Mboya|Neduvoto Mollel|H. Jumanne|J.M. Mungwe|J. Hassan,Tropicos,e053ff53-c156-4e2e-b9b5-4462e9625424,NA,gbif63,GBIF,TRUE,NA,TRUE,FALSE
PRESERVED_SPECIMEN,Justicia,heterocarpa,NA,16.64944,52.96083,NA,NA,2001,B 10 0113193,WGS84,NA,NA,NA,NA,https://herbarium.bgbm.org/object/B100113193,NA,NA,NA,"Hein,P., Kürschner,H. & Reisch,M.",Herbarium Berolinense,85714c48-f762-11e1-a439-00145eb45e9a,NA,gbif64,GBIF,TRUE,NA,TRUE,FALSE
PRESERVED_SPECIMEN,Justicia,heterocarpa,NA,16.63,52.95,NA,"Yemen, gov. Al-Mahra, Hawf Mts, Uteq, S facing slope with big boulders.",2001,S20-24399,WGS84,NA,NA,NA,NA,S:VascularPlants:S20-24399,NA,NA,NA,"P. Hein, H. Kürschner & M. Reisch",VascularPlants,0943f690-fde5-11dd-83f4-b8a03c50a862,NA,gbif65,GBIF,TRUE,NA,TRUE,FALSE
PRESERVED_SPECIMEN,Justicia,heterocarpa,NA,-2.595555,33.435833,NA,NA,2000,1549015,WGS84,NA,NA,NA,NA,urn:catalog:MO:Tropicos:1549015,NA,NA,NA,C.J. Kayombo|D. Sitoni|K. Busasi|M. James,Tropicos,e053ff53-c156-4e2e-b9b5-4462e9625424,NA,gbif66,GBIF,TRUE,NA,TRUE,FALSE
PRESERVED_SPECIMEN,Justicia,heterocarpa,NA,-2.58027,33.46166,NA,NA,2000,1571441,WGS84,NA,NA,NA,NA,urn:catalog:MO:Tropicos:1571441,NA,NA,NA,D. Sitoni|C.J. Kayombo|et al.|J. Makoye,Tropicos,e053ff53-c156-4e2e-b9b5-4462e9625424,NA,gbif67,GBIF,TRUE,NA,TRUE,FALSE
PRESERVED_SPECIMEN,Justicia,heterocarpa,NA,-4.90972,34.98611,NA,NA,2000,1569902,WGS84,NA,NA,NA,NA,urn:catalog:MO:Tropicos:1569902,NA,NA,NA,P. Kuchar,Tropicos,e053ff53-c156-4e2e-b9b5-4462e9625424,NA,gbif68,GBIF,TRUE,NA,TRUE,FALSE
PRESERVED_SPECIMEN,Justicia,heterocarpa,NA,-5.10833,34.99444,NA,NA,2000,1570188,WGS84,NA,NA,NA,NA,urn:catalog:MO:Tropicos:1570188,NA,NA,NA,P. Kuchar,Tropicos,e053ff53-c156-4e2e-b9b5-4462e9625424,NA,gbif69,GBIF,TRUE,NA,TRUE,FALSE
PRESERVED_SPECIMEN,Justicia,heterocarpa,NA,-3.36944,36.84166,NA,NA,1999,1568863,WGS84,NA,NA,NA,NA,urn:catalog:MO:Tropicos:1568863,NA,NA,NA,P. Kuchar,Tropicos,e053ff53-c156-4e2e-b9b5-4462e9625424,NA,gbif70,GBIF,TRUE,NA,TRUE,FALSE
PRESERVED_SPECIMEN,Justicia,heterocarpa,NA,12.61667,54.06667,NA,NA,1998,B 10 0458114,WGS84,NA,NA,NA,NA,https://herbarium.bgbm.org/object/B100458114,NA,NA,NA,"Mies,B.",Herbarium Berolinense,85714c48-f762-11e1-a439-00145eb45e9a,NA,gbif71,GBIF,TRUE,NA,TRUE,FALSE
PRESERVED_SPECIMEN,Justicia,heterocarpa,NA,12.6,54.05,NA,NA,1998,B 10 0458125,WGS84,NA,NA,NA,NA,https://herbarium.bgbm.org/object/B100458125,NA,NA,NA,"Mies,B.",Herbarium Berolinense,85714c48-f762-11e1-a439-00145eb45e9a,NA,gbif72,GBIF,TRUE,NA,TRUE,FALSE
PRESERVED_SPECIMEN,Justicia,heterocarpa,NA,-3.383333,38.416667,NA,NA,1998,100994929,WGS84,NA,NA,NA,NA,urn:catalog:MO:Tropicos:100994929,NA,NA,NA,G. Mwachala,Tropicos,e053ff53-c156-4e2e-b9b5-4462e9625424,NA,gbif73,GBIF,TRUE,NA,TRUE,FALSE
PRESERVED_SPECIMEN,Justicia,heterocarpa,NA,-17.80166,25.71638,NA,NA,1997,1148300,WGS84,NA,NA,NA,NA,urn:catalog:MO:Tropicos:1148300,NA,NA,NA,Daniel K. Harder|et al.,Tropicos,7bd65a7a-f762-11e1-a439-00145eb45e9a,NA,gbif74,GBIF,TRUE,NA,TRUE,FALSE
PRESERVED_SPECIMEN,Justicia,heterocarpa,NA,-17.63333,26.03333,NA,NA,1997,1160818,WGS84,NA,NA,NA,NA,urn:catalog:MO:Tropicos:1160818,NA,NA,NA,Noah B. Zimba|et al.,Tropicos,e053ff53-c156-4e2e-b9b5-4462e9625424,NA,gbif75,GBIF,TRUE,NA,TRUE,FALSE
PRESERVED_SPECIMEN,Justicia,heterocarpa,NA,-19.559667,16.866028,NA,NA,1997,WAG.1280671,WGS84,NA,NA,NA,NA,https://data.biodiversitydata.nl/naturalis/specimen/WAG.1280671,NA,NA,NA,Germishuizen G,Botany,15f819bd-6612-4447-854b-14d12ee1022d,NA,gbif76,GBIF,TRUE,NA,TRUE,FALSE
PRESERVED_SPECIMEN,Justicia,heterocarpa,NA,4.883333,38.15,NA,NA,1997,WAG.1280674,WGS84,NA,NA,NA,NA,https://data.biodiversitydata.nl/naturalis/specimen/WAG.1280674,NA,NA,NA,Friis I; Bidgood GS; Melaku Wondafrash; Gashaw Gibre-Hiwot,Botany,15f819bd-6612-4447-854b-14d12ee1022d,NA,gbif77,GBIF,TRUE,NA,TRUE,FALSE
PRESERVED_SPECIMEN,Justicia,heterocarpa,NA,4.733333,38.8,NA,NA,1997,WAG.1280685,WGS84,NA,NA,NA,NA,https://data.biodiversitydata.nl/naturalis/specimen/WAG.1280685,NA,NA,NA,Friis I; Bidgood GS; Melaku Wondafrash; Malaku Legesse; Gashaw Gibre-Hiwot,Botany,15f819bd-6612-4447-854b-14d12ee1022d,NA,gbif78,GBIF,TRUE,NA,TRUE,FALSE
PRESERVED_SPECIMEN,Justicia,heterocarpa,NA,-16.69666,25.02333,NA,NA,1996,1005752,WGS84,NA,NA,NA,NA,urn:catalog:MO:Tropicos:1005752,NA,NA,NA,Daniel K. Harder|et al.,Tropicos,e053ff53-c156-4e2e-b9b5-4462e9625424,NA,gbif79,GBIF,TRUE,NA,TRUE,FALSE
PRESERVED_SPECIMEN,Justicia,heterocarpa,NA,-4.73361,29.61722,NA,NA,1996,1007376,WGS84,NA,NA,NA,NA,urn:catalog:MO:Tropicos:1007376,NA,NA,NA,Roy E. Gereau|F.M. Mbago|et al.,Tropicos,e053ff53-c156-4e2e-b9b5-4462e9625424,NA,gbif80,GBIF,TRUE,NA,TRUE,FALSE
PRESERVED_SPECIMEN,Justicia,heterocarpa,NA,-15.383333,22.866667,NA,NA,1996,1010718,WGS84,NA,NA,NA,NA,urn:catalog:MO:Tropicos:1010718,NA,NA,NA,Ben Luwiika|Daniel K. Harder|Michael Graham Bingham|Noah B. Zimba,Tropicos,e053ff53-c156-4e2e-b9b5-4462e9625424,NA,gbif81,GBIF,TRUE,NA,TRUE,FALSE
PRESERVED_SPECIMEN,Justicia,heterocarpa,NA,-16.696667,25.023333,NA,NA,1996,WAG.1280663,WGS84,NA,NA,NA,NA,https://data.biodiversitydata.nl/naturalis/specimen/WAG.1280663,NA,NA,NA,Harder DK; Zimba NB; Luwiika B,Botany,15f819bd-6612-4447-854b-14d12ee1022d,NA,gbif82,GBIF,TRUE,NA,TRUE,FALSE
PRESERVED_SPECIMEN,Justicia,heterocarpa,NA,-4.733611,29.617222,NA,NA,1996,WAG.1280664,WGS84,NA,NA,NA,NA,https://data.biodiversitydata.nl/naturalis/specimen/WAG.1280664,NA,NA,NA,Gereau RE; Mbago FM,Botany,15f819bd-6612-4447-854b-14d12ee1022d,NA,gbif83,GBIF,TRUE,NA,TRUE,FALSE
PRESERVED_SPECIMEN,Justicia,heterocarpa,NA,-7.2755,36.3058,NA,NA,1993,V-693142,WGS84,NA,NA,NA,NA,UPS:BOT:V-693142,NA,NA,NA,Mariette Manktelow,BOT,c1a13bf0-0c71-11dd-84d4-b8a03c50a862,NA,gbif84,GBIF,TRUE,NA,TRUE,FALSE
PRESERVED_SPECIMEN,Justicia,heterocarpa,NA,17.283333,54.216667,NA,NA,1993,E00099199,WGS84,NA,NA,NA,NA,http://data.rbge.org.uk/herb/E00099199,NA,NA,NA,"McLeish, Ian M.",E,bf2a4bf0-5f31-11de-b67e-b8a03c50a862,NA,gbif85,GBIF,TRUE,NA,TRUE,FALSE
PRESERVED_SPECIMEN,Justicia,heterocarpa,NA,-4.545278,38.43927,NA,NA,1993,ACANTH:KIS:149,WGS84,NA,NA,NA,NA,TanBIF:TAFORI-LSRC:ACANTH:KIS:149,NA,NA,NA,Kisena,ACANTHACEAE,e5dfbff2-8ce1-4393-8c51-cc9c678ec8be,NA,gbif86,GBIF,TRUE,NA,TRUE,FALSE
PRESERVED_SPECIMEN,Justicia,heterocarpa,NA,-5.53333,38.63333,NA,NA,1991,503026,WGS84,NA,NA,NA,NA,urn:catalog:MO:Tropicos:503026,NA,NA,NA,Frontier-Tanzania,Tropicos,e053ff53-c156-4e2e-b9b5-4462e9625424,NA,gbif87,GBIF,TRUE,NA,TRUE,FALSE
PRESERVED_SPECIMEN,Justicia,heterocarpa,NA,-7.133333,35.983333,NA,NA,1989,953825,WGS84,NA,NA,NA,NA,urn:catalog:MO:Tropicos:953825,NA,NA,NA,B.E. Mhoro,Tropicos,7bd65a7a-f762-11e1-a439-00145eb45e9a,NA,gbif88,GBIF,TRUE,NA,TRUE,FALSE
PRESERVED_SPECIMEN,Justicia,heterocarpa,NA,-6.5,36.366667,NA,NA,1988,100995639,WGS84,NA,NA,NA,NA,urn:catalog:MO:Tropicos:100995639,NA,NA,NA,G. Sally Bidgood|L.B. Mwasumbi|K.B. Vollesen,Tropicos,e053ff53-c156-4e2e-b9b5-4462e9625424,NA,gbif89,GBIF,TRUE,NA,TRUE,FALSE
PRESERVED_SPECIMEN,Justicia,heterocarpa,NA,-6.5,36.366667,NA,NA,1988,103026160,WGS84,NA,NA,NA,NA,urn:catalog:MO:Tropicos:103026160,NA,NA,NA,G. Sally Bidgood|L.B. Mwasumbi|K.B. Vollesen,Tropicos,7bd65a7a-f762-11e1-a439-00145eb45e9a,NA,gbif90,GBIF,TRUE,NA,TRUE,FALSE
PRESERVED_SPECIMEN,Justicia,heterocarpa,NA,-6.5,36.366667,NA,NA,1988,WAG.1280672,WGS84,NA,NA,NA,NA,https://data.biodiversitydata.nl/naturalis/specimen/WAG.1280672,NA,NA,NA,Bidgood GS; Mwasumbi LB; Vollesen KB,Botany,15f819bd-6612-4447-854b-14d12ee1022d,NA,gbif91,GBIF,TRUE,NA,TRUE,FALSE
PRESERVED_SPECIMEN,Justicia,heterocarpa,NA,-7.75,34.83333,NA,NA,1987,503452,WGS84,NA,NA,NA,NA,urn:catalog:MO:Tropicos:503452,NA,NA,NA,J.C. Lovett,Tropicos,7bd65a7a-f762-11e1-a439-00145eb45e9a,NA,gbif92,GBIF,TRUE,NA,TRUE,FALSE
PRESERVED_SPECIMEN,Justicia,heterocarpa,NA,-7.66666,36.25,NA,NA,1987,503646,WGS84,NA,NA,NA,NA,urn:catalog:MO:Tropicos:503646,NA,NA,NA,J.C. Lovett|T.C.E. Congdon,Tropicos,7bd65a7a-f762-11e1-a439-00145eb45e9a,NA,gbif93,GBIF,TRUE,NA,TRUE,FALSE
PRESERVED_SPECIMEN,Justicia,heterocarpa,NA,-7.666667,35.166667,NA,NA,1987,504390,WGS84,NA,NA,NA,NA,urn:catalog:MO:Tropicos:504390,NA,NA,NA,J.C. Lovett|J.M. Lovett|J. Hanby|D. Bygott,Tropicos,7bd65a7a-f762-11e1-a439-00145eb45e9a,NA,gbif94,GBIF,TRUE,NA,TRUE,FALSE
PRESERVED_SPECIMEN,Justicia,heterocarpa,NA,0.35,37.45,NA,NA,1986,WAG.1280660,WGS84,NA,NA,NA,NA,https://data.biodiversitydata.nl/naturalis/specimen/WAG.1280660,NA,NA,NA,Schultka W,Botany,15f819bd-6612-4447-854b-14d12ee1022d,NA,gbif95,GBIF,TRUE,NA,TRUE,FALSE
PRESERVED_SPECIMEN,Justicia,heterocarpa,NA,-7.4,36.5,NA,NA,1986,100994931,WGS84,NA,NA,NA,NA,urn:catalog:MO:Tropicos:100994931,NA,NA,NA,G. Sally Bidgood|J.M. Lovett,Tropicos,e053ff53-c156-4e2e-b9b5-4462e9625424,NA,gbif96,GBIF,TRUE,NA,TRUE,FALSE
PRESERVED_SPECIMEN,Justicia,heterocarpa,NA,-4.545278,38.43927,NA,NA,1986,ACANTH:SSH:362,WGS84,NA,NA,NA,NA,TanBIF:TAFORI-LSRC:ACANTH:SSH:362,NA,NA,NA,S. Shabani,ACANTHACEAE,e5dfbff2-8ce1-4393-8c51-cc9c678ec8be,NA,gbif97,GBIF,TRUE,NA,TRUE,FALSE
PRESERVED_SPECIMEN,Justicia,heterocarpa,NA,16.8,53.433333,NA,NA,1984,E00674984,WGS84,NA,NA,NA,NA,http://data.rbge.org.uk/herb/E00674984,NA,NA,NA,"Miller, Anthony G.",E,bf2a4bf0-5f31-11de-b67e-b8a03c50a862,NA,gbif98,GBIF,TRUE,NA,TRUE,FALSE
PRESERVED_SPECIMEN,Justicia,heterocarpa,NA,1.033333,35,NA,NA,1984,WAG.1280661,WGS84,NA,NA,NA,NA,https://data.biodiversitydata.nl/naturalis/specimen/WAG.1280661,NA,NA,NA,Mungai GM,Botany,15f819bd-6612-4447-854b-14d12ee1022d,NA,gbif99,GBIF,TRUE,NA,TRUE,FALSE
PRESERVED_SPECIMEN,Justicia,heterocarpa,NA,-2.809522,32.20976,NA,NA,1983,ACANTH:WCA:850,WGS84,NA,NA,NA,NA,TanBIF:TAFORI-LSRC:ACANTH:WCA:850,NA,NA,NA,W. Carmichael,ACANTHACEAE,e5dfbff2-8ce1-4393-8c51-cc9c678ec8be,NA,gbif100,GBIF,TRUE,NA,TRUE,FALSE
PRESERVED_SPECIMEN,Justicia,heterocarpa,NA,-1.6125,30.221666,NA,NA,1982,BR0000008561244,WGS84,NA,NA,NA,NA,http://www.botanicalcollections.be/specimen/BR0000008561244,NA,NA,NA,Aubroeck M.,BR,b740eaa0-0679-41dc-acb7-990d562dfa37,NA,gbif101,GBIF,TRUE,NA,TRUE,FALSE
PRESERVED_SPECIMEN,Justicia,heterocarpa,NA,-1.6125,30.221666,NA,NA,1982,BR0000008561367,WGS84,NA,NA,NA,NA,http://www.botanicalcollections.be/specimen/BR0000008561367,NA,NA,NA,Aubroeck M.,BR,b740eaa0-0679-41dc-acb7-990d562dfa37,NA,gbif102,GBIF,TRUE,NA,TRUE,FALSE
PRESERVED_SPECIMEN,Justicia,heterocarpa,NA,-0.101111,34.753889,NA,NA,1981,2050977,WGS84,NA,NA,NA,NA,LD:General:2050977,NA,NA,NA,Thomas Landström,General,aab0cf80-0c64-11dd-84d1-b8a03c50a862,NA,gbif103,GBIF,TRUE,NA,TRUE,FALSE
PRESERVED_SPECIMEN,Justicia,heterocarpa,NA,-1.193056,35.251111,NA,NA,1981,2057780,WGS84,NA,NA,NA,NA,LD:General:2057780,NA,NA,NA,Thomas Landström,General,aab0cf80-0c64-11dd-84d1-b8a03c50a862,NA,gbif104,GBIF,TRUE,NA,TRUE,FALSE
PRESERVED_SPECIMEN,Justicia,heterocarpa,NA,-1.6125,30.221666,NA,NA,1981,BR0000008561336,WGS84,NA,NA,NA,NA,http://www.botanicalcollections.be/specimen/BR0000008561336,NA,NA,NA,Aubroeck M.,BR,b740eaa0-0679-41dc-acb7-990d562dfa37,NA,gbif105,GBIF,TRUE,NA,TRUE,FALSE
PRESERVED_SPECIMEN,Justicia,heterocarpa,NA,-1.6,30.05,NA,NA,1980,BR0000008568649,WGS84,NA,NA,NA,NA,http://www.botanicalcollections.be/specimen/BR0000008568649,NA,NA,NA,Bridson D.,BR,b740eaa0-0679-41dc-acb7-990d562dfa37,NA,gbif106,GBIF,TRUE,NA,TRUE,FALSE
PRESERVED_SPECIMEN,Justicia,heterocarpa,NA,-3.2,30.7,NA,NA,1979,BR0000008568250,WGS84,NA,NA,NA,NA,http://www.botanicalcollections.be/specimen/BR0000008568250,NA,NA,NA,Reekmans M.,BR,b740eaa0-0679-41dc-acb7-990d562dfa37,NA,gbif107,GBIF,TRUE,NA,TRUE,FALSE
PRESERVED_SPECIMEN,Justicia,heterocarpa,NA,-0.616667,34.95,NA,NA,1978,WAG.1280662,WGS84,NA,NA,NA,NA,https://data.biodiversitydata.nl/naturalis/specimen/WAG.1280662,NA,NA,NA,Plaizier AC,Botany,15f819bd-6612-4447-854b-14d12ee1022d,NA,gbif108,GBIF,TRUE,NA,TRUE,FALSE
PRESERVED_SPECIMEN,Justicia,heterocarpa,NA,23.343139,69.266894,301,"Rakhal, on sandy ground",1978,1.23E+11,WGS84,NA,NA,NA,NA,BARO:Angiosperm:123450015728,NA,NA,NA,KSS Rao,Angiosperm,0a5eec5f-ea21-4c00-b55a-9e5a5d336c3c,NA,gbif109,GBIF,TRUE,NA,TRUE,FALSE
PRESERVED_SPECIMEN,Justicia,heterocarpa,NA,-3.416667,30.35,NA,NA,1978,BR0000008568588,WGS84,NA,NA,NA,NA,http://www.botanicalcollections.be/specimen/BR0000008568588,NA,NA,NA,Reekmans M.,BR,b740eaa0-0679-41dc-acb7-990d562dfa37,NA,gbif110,GBIF,TRUE,NA,TRUE,FALSE
PRESERVED_SPECIMEN,Justicia,heterocarpa,NA,0.35,29.783333,NA,NA,1977,BR0000008568458,WGS84,NA,NA,NA,NA,http://www.botanicalcollections.be/specimen/BR0000008568458,NA,NA,NA,Lejoly J.,BR,b740eaa0-0679-41dc-acb7-990d562dfa37,NA,gbif111,GBIF,TRUE,NA,TRUE,FALSE
PRESERVED_SPECIMEN,Justicia,heterocarpa,NA,-4.75,38.5,NA,NA,1976,ACANTH:CHS:340,WGS84,NA,NA,NA,NA,TanBIF:TAFORI-LSRC:ACANTH:CHS:340,NA,NA,NA,Christina Schlage,ACANTHACEAE,e5dfbff2-8ce1-4393-8c51-cc9c678ec8be,NA,gbif112,GBIF,TRUE,NA,TRUE,FALSE
PRESERVED_SPECIMEN,Justicia,dinteri,NA,-17.633333,24.183333,NA,NA,1975,WAG.1280668,WGS84,NA,NA,NA,NA,https://data.biodiversitydata.nl/naturalis/specimen/WAG.1280668,NA,NA,NA,Edwards D,Botany,15f819bd-6612-4447-854b-14d12ee1022d,NA,gbif113,GBIF,TRUE,NA,TRUE,FALSE
PRESERVED_SPECIMEN,Justicia,heterocarpa,NA,-18.75,21.75,NA,NA,1975,WAG.1280665,WGS84,NA,NA,NA,NA,https://data.biodiversitydata.nl/naturalis/specimen/WAG.1280665,NA,NA,NA,Biegel HM; Müller H; Gibbs Russell GE,Botany,15f819bd-6612-4447-854b-14d12ee1022d,NA,gbif114,GBIF,TRUE,NA,TRUE,FALSE
PRESERVED_SPECIMEN,Justicia,heterocarpa,NA,-20.616667,17.116667,NA,NA,1974,WAG.1280666,WGS84,NA,NA,NA,NA,https://data.biodiversitydata.nl/naturalis/specimen/WAG.1280666,NA,NA,NA,Merxmüller H; Giess JWH,Botany,15f819bd-6612-4447-854b-14d12ee1022d,NA,gbif115,GBIF,TRUE,NA,TRUE,FALSE
PRESERVED_SPECIMEN,Justicia,heterocarpa,NA,-20.616667,17.116667,NA,NA,1974,WAG.1280667,WGS84,NA,NA,NA,NA,https://data.biodiversitydata.nl/naturalis/specimen/WAG.1280667,NA,NA,NA,Merxmüller H; Giess JWH,Botany,15f819bd-6612-4447-854b-14d12ee1022d,NA,gbif116,GBIF,TRUE,NA,TRUE,FALSE
PRESERVED_SPECIMEN,Justicia,heterocarpa,NA,-2.183333,29.266667,NA,NA,1974,BR0000008561541,WGS84,NA,NA,NA,NA,http://www.botanicalcollections.be/specimen/BR0000008561541,NA,NA,NA,Nuyt C.,BR,b740eaa0-0679-41dc-acb7-990d562dfa37,NA,gbif117,GBIF,TRUE,NA,TRUE,FALSE
PRESERVED_SPECIMEN,Justicia,heterocarpa,NA,0.933333,37.316667,NA,NA,1974,WAG.1280678,WGS84,NA,NA,NA,NA,https://data.biodiversitydata.nl/naturalis/specimen/WAG.1280678,NA,NA,NA,Faden RB; Faden AJ,Botany,15f819bd-6612-4447-854b-14d12ee1022d,NA,gbif118,GBIF,TRUE,NA,TRUE,FALSE
PRESERVED_SPECIMEN,Justicia,heterocarpa,NA,-0.633333,29.566667,NA,NA,1974,BR0000008568120,WGS84,NA,NA,NA,NA,http://www.botanicalcollections.be/specimen/BR0000008568120,NA,NA,NA,d'Huart J-P.,BR,b740eaa0-0679-41dc-acb7-990d562dfa37,NA,gbif119,GBIF,TRUE,NA,TRUE,FALSE
PRESERVED_SPECIMEN,Justicia,heterocarpa,NA,-0.616667,34.15,NA,NA,1974,WAG.1280682,WGS84,NA,NA,NA,NA,https://data.biodiversitydata.nl/naturalis/specimen/WAG.1280682,NA,NA,NA,Vuyk D; Breteler FJ,Botany,15f819bd-6612-4447-854b-14d12ee1022d,NA,gbif120,GBIF,TRUE,NA,TRUE,FALSE
PRESERVED_SPECIMEN,Justicia,heterocarpa,NA,-2.05,29.35,NA,NA,1972,BR0000008569066,WGS84,NA,NA,NA,NA,http://www.botanicalcollections.be/specimen/BR0000008569066,NA,NA,NA,Bouxin G.,BR,b740eaa0-0679-41dc-acb7-990d562dfa37,NA,gbif121,GBIF,TRUE,NA,TRUE,FALSE
PRESERVED_SPECIMEN,Justicia,heterocarpa,NA,-3.816667,30.066667,NA,NA,1972,BR0000008568915,WGS84,NA,NA,NA,NA,http://www.botanicalcollections.be/specimen/BR0000008568915,NA,NA,NA,Reekmans M.,BR,b740eaa0-0679-41dc-acb7-990d562dfa37,NA,gbif122,GBIF,TRUE,NA,TRUE,FALSE
PRESERVED_SPECIMEN,Justicia,leptocarpa,NA,5.333333,10.366667,NA,NA,1972,YA0040335,WGS84,NA,NA,NA,NA,31436-BID-AF-2020-040-REG,NA,NA,NA,Leeuwenberg A.J.M.,NA,b2df52a4-6143-46d5-8727-f808d8e25feb,NA,gbif123,GBIF,FALSE,NA,FALSE,FALSE
PRESERVED_SPECIMEN,Justicia,heterocarpa,NA,-3.066667,29.45,NA,NA,1971,BR0000008561398,WGS84,NA,NA,NA,NA,http://www.botanicalcollections.be/specimen/BR0000008561398,NA,NA,NA,Reekmans M.,BR,b740eaa0-0679-41dc-acb7-990d562dfa37,NA,gbif124,GBIF,TRUE,NA,TRUE,FALSE
PRESERVED_SPECIMEN,Justicia,heterocarpa,NA,-3.083333,29.4,NA,NA,1971,BR0000008568502,WGS84,NA,NA,NA,NA,http://www.botanicalcollections.be/specimen/BR0000008568502,NA,NA,NA,Lewalle J.,BR,b740eaa0-0679-41dc-acb7-990d562dfa37,NA,gbif125,GBIF,TRUE,NA,TRUE,FALSE
PRESERVED_SPECIMEN,Justicia,heterocarpa,NA,-2.1,29.75,NA,NA,1970,BR0000008561442,WGS84,NA,NA,NA,NA,http://www.botanicalcollections.be/specimen/BR0000008561442,NA,NA,NA,Bouxin G. & Radoux M.,BR,b740eaa0-0679-41dc-acb7-990d562dfa37,NA,gbif126,GBIF,TRUE,NA,TRUE,FALSE
PRESERVED_SPECIMEN,Justicia,heterocarpa,NA,-2.383333,30.2,NA,NA,1970,BR0000008568434,WGS84,NA,NA,NA,NA,http://www.botanicalcollections.be/specimen/BR0000008568434,NA,NA,NA,Bouxin G. & Radoux M.,BR,b740eaa0-0679-41dc-acb7-990d562dfa37,NA,gbif127,GBIF,TRUE,NA,TRUE,FALSE
PRESERVED_SPECIMEN,Justicia,heterocarpa,NA,-2.1,29.75,NA,NA,1970,BR0000008568731,WGS84,NA,NA,NA,NA,http://www.botanicalcollections.be/specimen/BR0000008568731,NA,NA,NA,Bouxin G. & Radoux M.,BR,b740eaa0-0679-41dc-acb7-990d562dfa37,NA,gbif128,GBIF,TRUE,NA,TRUE,FALSE
PRESERVED_SPECIMEN,Justicia,heterocarpa,NA,-1.916667,30.75,NA,NA,1970,BR0000008569097,WGS84,NA,NA,NA,NA,http://www.botanicalcollections.be/specimen/BR0000008569097,NA,NA,NA,Bouxin G. & Radoux M.,BR,b740eaa0-0679-41dc-acb7-990d562dfa37,NA,gbif129,GBIF,TRUE,NA,TRUE,FALSE
PRESERVED_SPECIMEN,Justicia,heterocarpa,NA,-2.233333,29.783333,NA,NA,1970,BR0000008568762,WGS84,NA,NA,NA,NA,http://www.botanicalcollections.be/specimen/BR0000008568762,NA,NA,NA,Bouxin G. & Radoux M.,BR,b740eaa0-0679-41dc-acb7-990d562dfa37,NA,gbif130,GBIF,TRUE,NA,TRUE,FALSE
PRESERVED_SPECIMEN,Justicia,heterocarpa,NA,15.583333,39.25,NA,NA,1969,WAG.1280675,WGS84,NA,NA,NA,NA,https://data.biodiversitydata.nl/naturalis/specimen/WAG.1280675,NA,NA,NA,Wilde JJFE de,Botany,15f819bd-6612-4447-854b-14d12ee1022d,NA,gbif131,GBIF,TRUE,NA,TRUE,FALSE
PRESERVED_SPECIMEN,Justicia,heterocarpa,NA,-1.966667,30.566667,NA,NA,1969,BR0000008568786,WGS84,NA,NA,NA,NA,http://www.botanicalcollections.be/specimen/BR0000008568786,NA,NA,NA,Bouxin G. & Radoux M.,BR,b740eaa0-0679-41dc-acb7-990d562dfa37,NA,gbif132,GBIF,TRUE,NA,TRUE,FALSE
PRESERVED_SPECIMEN,Justicia,heterocarpa,NA,-10.266667,28.133333,4000,NA,1969,BR0000005970124,WGS84,NA,NA,NA,NA,http://www.botanicalcollections.be/specimen/BR0000005970124,NA,NA,NA,Malaisse F.,BR,b740eaa0-0679-41dc-acb7-990d562dfa37,NA,gbif133,GBIF,TRUE,NA,TRUE,FALSE
PRESERVED_SPECIMEN,Justicia,heterocarpa,NA,-1.783333,30.7,NA,NA,1969,BR0000008568144,WGS84,NA,NA,NA,NA,http://www.botanicalcollections.be/specimen/BR0000008568144,NA,NA,NA,Bouxin G. & Radoux M.,BR,b740eaa0-0679-41dc-acb7-990d562dfa37,NA,gbif134,GBIF,TRUE,NA,TRUE,FALSE
PRESERVED_SPECIMEN,Justicia,heterocarpa,NA,-2.35,29.45,NA,NA,1969,BR0000008568526,WGS84,NA,NA,NA,NA,http://www.botanicalcollections.be/specimen/BR0000008568526,NA,NA,NA,Neel H.,BR,b740eaa0-0679-41dc-acb7-990d562dfa37,NA,gbif135,GBIF,TRUE,NA,TRUE,FALSE
PRESERVED_SPECIMEN,Justicia,heterocarpa,NA,-20.416667,17.25,NA,NA,1968,WAG.1280669,WGS84,NA,NA,NA,NA,https://data.biodiversitydata.nl/naturalis/specimen/WAG.1280669,NA,NA,NA,Meyer PG,Botany,15f819bd-6612-4447-854b-14d12ee1022d,NA,gbif136,GBIF,TRUE,NA,TRUE,FALSE
PRESERVED_SPECIMEN,Justicia,heterocarpa,NA,8.9,39.866667,NA,NA,1966,WAG.1280676,WGS84,NA,NA,NA,NA,https://data.biodiversitydata.nl/naturalis/specimen/WAG.1280676,NA,NA,NA,Wilde WJJO de; Wilde-Duyfjes BEE de,Botany,15f819bd-6612-4447-854b-14d12ee1022d,NA,gbif137,GBIF,TRUE,NA,TRUE,FALSE
PRESERVED_SPECIMEN,Justicia,heterocarpa,NA,8.9,39.866667,NA,NA,1966,WAG.1280677,WGS84,NA,NA,NA,NA,https://data.biodiversitydata.nl/naturalis/specimen/WAG.1280677,NA,NA,NA,Wilde WJJO de; Wilde-Duyfjes BEE de,Botany,15f819bd-6612-4447-854b-14d12ee1022d,NA,gbif138,GBIF,TRUE,NA,TRUE,FALSE
PRESERVED_SPECIMEN,Justicia,heterocarpa,NA,7.2,38.6,NA,NA,1965,1566862,WGS84,NA,NA,NA,NA,LD:General:1566862,NA,NA,NA,W. J. J. O. de Wilde & B. E. E. de Wilde-Duyfjes,General,aab0cf80-0c64-11dd-84d1-b8a03c50a862,NA,gbif139,GBIF,TRUE,NA,TRUE,FALSE
PRESERVED_SPECIMEN,Justicia,heterocarpa,NA,7,38,NA,NA,1965,WAG0000015,WGS84,NA,NA,NA,NA,https://data.biodiversitydata.nl/naturalis/specimen/WAG0000015,NA,NA,NA,Wilde WJJO de; Wilde-Duyfjes BEE de,Botany,15f819bd-6612-4447-854b-14d12ee1022d,NA,gbif140,GBIF,TRUE,NA,TRUE,FALSE
PRESERVED_SPECIMEN,Justicia,heterocarpa,NA,7,38,NA,NA,1965,WAG0000016,WGS84,NA,NA,NA,NA,https://data.biodiversitydata.nl/naturalis/specimen/WAG0000016,NA,NA,NA,Wilde WJJO de; Wilde-Duyfjes BEE de,Botany,15f819bd-6612-4447-854b-14d12ee1022d,NA,gbif141,GBIF,TRUE,NA,TRUE,FALSE
PRESERVED_SPECIMEN,Justicia,heterocarpa,NA,4.883333,38.083333,NA,NA,1962,WAG.1280686,WGS84,NA,NA,NA,NA,https://data.biodiversitydata.nl/naturalis/specimen/WAG.1280686,NA,NA,NA,Mooney HF,Botany,15f819bd-6612-4447-854b-14d12ee1022d,NA,gbif142,GBIF,TRUE,NA,TRUE,FALSE
PRESERVED_SPECIMEN,Justicia,heterocarpa,NA,-22.05,17.366667,NA,NA,1961,L.2833574,WGS84,NA,NA,NA,NA,https://data.biodiversitydata.nl/naturalis/specimen/L.2833574,NA,NA,NA,Seydel R,Botany,15f819bd-6612-4447-854b-14d12ee1022d,NA,gbif143,GBIF,TRUE,NA,TRUE,FALSE
PRESERVED_SPECIMEN,Justicia,heterocarpa,NA,2.033333,30.533333,NA,NA,1959,BR0000008567802,WGS84,NA,NA,NA,NA,http://www.botanicalcollections.be/specimen/BR0000008567802,NA,NA,NA,Deville A.,BR,b740eaa0-0679-41dc-acb7-990d562dfa37,NA,gbif144,GBIF,TRUE,NA,TRUE,FALSE
PRESERVED_SPECIMEN,Justicia,heterocarpa,NA,-3.25,30.033333,NA,NA,1958,BR0000008568663,WGS84,NA,NA,NA,NA,http://www.botanicalcollections.be/specimen/BR0000008568663,NA,NA,NA,Van Der Ben D.,BR,b740eaa0-0679-41dc-acb7-990d562dfa37,NA,gbif145,GBIF,TRUE,NA,TRUE,FALSE
PRESERVED_SPECIMEN,Justicia,heterocarpa,NA,-1.4,30.55,NA,NA,1958,BR0000008568243,WGS84,NA,NA,NA,NA,http://www.botanicalcollections.be/specimen/BR0000008568243,NA,NA,NA,Troupin G.,BR,b740eaa0-0679-41dc-acb7-990d562dfa37,NA,gbif146,GBIF,TRUE,NA,TRUE,FALSE
PRESERVED_SPECIMEN,Justicia,heterocarpa,NA,-3.8,29.416667,NA,NA,1958,BR0000008568878,WGS84,NA,NA,NA,NA,http://www.botanicalcollections.be/specimen/BR0000008568878,NA,NA,NA,Van Der Ben D.,BR,b740eaa0-0679-41dc-acb7-990d562dfa37,NA,gbif147,GBIF,TRUE,NA,TRUE,FALSE
PRESERVED_SPECIMEN,Justicia,heterocarpa,NA,-2.3,30.166667,NA,NA,1958,BR0000008568908,WGS84,NA,NA,NA,NA,http://www.botanicalcollections.be/specimen/BR0000008568908,NA,NA,NA,Troupin G.,BR,b740eaa0-0679-41dc-acb7-990d562dfa37,NA,gbif148,GBIF,TRUE,NA,TRUE,FALSE
PRESERVED_SPECIMEN,Justicia,heterocarpa,NA,-1.45,30.45,NA,NA,1958,BR0000008561428,WGS84,NA,NA,NA,NA,http://www.botanicalcollections.be/specimen/BR0000008561428,NA,NA,NA,Troupin G.,BR,b740eaa0-0679-41dc-acb7-990d562dfa37,NA,gbif149,GBIF,TRUE,NA,TRUE,FALSE
PRESERVED_SPECIMEN,Justicia,heterocarpa,NA,-2.416667,30.166667,NA,NA,1958,BR0000008561459,WGS84,NA,NA,NA,NA,http://www.botanicalcollections.be/specimen/BR0000008561459,NA,NA,NA,Troupin G.,BR,b740eaa0-0679-41dc-acb7-990d562dfa37,NA,gbif150,GBIF,TRUE,NA,TRUE,FALSE
PRESERVED_SPECIMEN,Justicia,heterocarpa,NA,-2.166667,30.533333,NA,NA,1958,BR0000008568212,WGS84,NA,NA,NA,NA,http://www.botanicalcollections.be/specimen/BR0000008568212,NA,NA,NA,Troupin G.,BR,b740eaa0-0679-41dc-acb7-990d562dfa37,NA,gbif151,GBIF,TRUE,NA,TRUE,FALSE
PRESERVED_SPECIMEN,Justicia,heterocarpa,NA,-1.433333,30.266667,NA,NA,1958,BR0000008568540,WGS84,NA,NA,NA,NA,http://www.botanicalcollections.be/specimen/BR0000008568540,NA,NA,NA,Troupin G.,BR,b740eaa0-0679-41dc-acb7-990d562dfa37,NA,gbif152,GBIF,TRUE,NA,TRUE,FALSE
PRESERVED_SPECIMEN,Justicia,heterocarpa,NA,-1.433333,30.266667,NA,NA,1958,BR0000008568335,WGS84,NA,NA,NA,NA,http://www.botanicalcollections.be/specimen/BR0000008568335,NA,NA,NA,Troupin G.,BR,b740eaa0-0679-41dc-acb7-990d562dfa37,NA,gbif153,GBIF,TRUE,NA,TRUE,FALSE
PRESERVED_SPECIMEN,Justicia,heterocarpa,NA,-2.483333,29.766667,NA,NA,1958,BR0000008568519,WGS84,NA,NA,NA,NA,http://www.botanicalcollections.be/specimen/BR0000008568519,NA,NA,NA,Michel G.,BR,b740eaa0-0679-41dc-acb7-990d562dfa37,NA,gbif154,GBIF,TRUE,NA,TRUE,FALSE
PRESERVED_SPECIMEN,Justicia,heterocarpa,NA,-2.483333,29.766667,NA,NA,1958,WAG.1280680,WGS84,NA,NA,NA,NA,https://data.biodiversitydata.nl/naturalis/specimen/WAG.1280680,NA,NA,NA,Michel G,Botany,15f819bd-6612-4447-854b-14d12ee1022d,NA,gbif155,GBIF,TRUE,NA,TRUE,FALSE
PRESERVED_SPECIMEN,Justicia,heterocarpa,NA,-1.283333,30.366667,NA,NA,1958,BR0000008568991,WGS84,NA,NA,NA,NA,http://www.botanicalcollections.be/specimen/BR0000008568991,NA,NA,NA,Troupin G.,BR,b740eaa0-0679-41dc-acb7-990d562dfa37,NA,gbif156,GBIF,TRUE,NA,TRUE,FALSE
PRESERVED_SPECIMEN,Justicia,heterocarpa,NA,-2.483333,29.766667,NA,NA,1958,BR0000008568182,WGS84,NA,NA,NA,NA,http://www.botanicalcollections.be/specimen/BR0000008568182,NA,NA,NA,Michel G.,BR,b740eaa0-0679-41dc-acb7-990d562dfa37,NA,gbif157,GBIF,TRUE,NA,TRUE,FALSE
PRESERVED_SPECIMEN,Justicia,heterocarpa,NA,-1.283333,30.366667,NA,NA,1958,BR0000008568366,WGS84,NA,NA,NA,NA,http://www.botanicalcollections.be/specimen/BR0000008568366,NA,NA,NA,Troupin G.,BR,b740eaa0-0679-41dc-acb7-990d562dfa37,NA,gbif158,GBIF,TRUE,NA,TRUE,FALSE
PRESERVED_SPECIMEN,Justicia,heterocarpa,NA,-2.533333,28.75,NA,NA,1957,BR0000008567482,WGS84,NA,NA,NA,NA,http://www.botanicalcollections.be/specimen/BR0000008567482,NA,NA,NA,Gutzwiller R.,BR,b740eaa0-0679-41dc-acb7-990d562dfa37,NA,gbif159,GBIF,TRUE,NA,TRUE,FALSE
PRESERVED_SPECIMEN,Justicia,heterocarpa,NA,-1.433333,30.266667,NA,NA,1957,BR0000008568854,WGS84,NA,NA,NA,NA,http://www.botanicalcollections.be/specimen/BR0000008568854,NA,NA,NA,Troupin G.,BR,b740eaa0-0679-41dc-acb7-990d562dfa37,NA,gbif160,GBIF,TRUE,NA,TRUE,FALSE
PRESERVED_SPECIMEN,Justicia,heterocarpa,NA,-1.05,30.45,NA,NA,1957,BR0000008561510,WGS84,NA,NA,NA,NA,http://www.botanicalcollections.be/specimen/BR0000008561510,NA,NA,NA,Troupin G.,BR,b740eaa0-0679-41dc-acb7-990d562dfa37,NA,gbif161,GBIF,TRUE,NA,TRUE,FALSE
PRESERVED_SPECIMEN,Justicia,heterocarpa,NA,-4.789868,38.295256,NA,NA,1957,ACANTH:SHA:1098,WGS84,NA,NA,NA,NA,TanBIF:TAFORI-LSRC:ACANTH:SHA:1098,NA,NA,NA,Shabani,ACANTHACEAE,e5dfbff2-8ce1-4393-8c51-cc9c678ec8be,NA,gbif162,GBIF,TRUE,NA,TRUE,FALSE
PRESERVED_SPECIMEN,Justicia,heterocarpa,NA,-1.433333,30.266667,NA,NA,1957,BR0000008568496,WGS84,NA,NA,NA,NA,http://www.botanicalcollections.be/specimen/BR0000008568496,NA,NA,NA,Troupin G.,BR,b740eaa0-0679-41dc-acb7-990d562dfa37,NA,gbif163,GBIF,TRUE,NA,TRUE,FALSE
PRESERVED_SPECIMEN,Justicia,heterocarpa,NA,-1.433333,30.533333,NA,NA,1957,BR0000008568823,WGS84,NA,NA,NA,NA,http://www.botanicalcollections.be/specimen/BR0000008568823,NA,NA,NA,Troupin G.,BR,b740eaa0-0679-41dc-acb7-990d562dfa37,NA,gbif164,GBIF,TRUE,NA,TRUE,FALSE
PRESERVED_SPECIMEN,Justicia,heterocarpa,NA,-2.483333,28.85,NA,NA,1956,BR0000008567819,WGS84,NA,NA,NA,NA,http://www.botanicalcollections.be/specimen/BR0000008567819,NA,NA,NA,Gutzwiller R.,BR,b740eaa0-0679-41dc-acb7-990d562dfa37,NA,gbif165,GBIF,TRUE,NA,TRUE,FALSE
PRESERVED_SPECIMEN,Justicia,heterocarpa,NA,-2.333333,30.233333,NA,NA,1954,BR0000008568816,WGS84,NA,NA,NA,NA,http://www.botanicalcollections.be/specimen/BR0000008568816,NA,NA,NA,Liben L.,BR,b740eaa0-0679-41dc-acb7-990d562dfa37,NA,gbif166,GBIF,TRUE,NA,TRUE,FALSE
PRESERVED_SPECIMEN,Justicia,heterocarpa,NA,0.316667,29.75,NA,NA,1954,BR0000008569134,WGS84,NA,NA,NA,NA,http://www.botanicalcollections.be/specimen/BR0000008569134,NA,NA,NA,de Witte G.F.,BR,b740eaa0-0679-41dc-acb7-990d562dfa37,NA,gbif167,GBIF,TRUE,NA,TRUE,FALSE
PRESERVED_SPECIMEN,Justicia,heterocarpa,NA,-4.8761,38.366087,NA,NA,1954,ACANTH:CSC:340,WGS84,NA,NA,NA,NA,TanBIF:TAFORI-LSRC:ACANTH:CSC:340,NA,NA,NA,Christina Schlage,ACANTHACEAE,e5dfbff2-8ce1-4393-8c51-cc9c678ec8be,NA,gbif168,GBIF,TRUE,NA,TRUE,FALSE
PRESERVED_SPECIMEN,Justicia,heterocarpa,NA,-1.05,30.45,NA,NA,1954,BR0000008568311,WGS84,NA,NA,NA,NA,http://www.botanicalcollections.be/specimen/BR0000008568311,NA,NA,NA,Christiaensen A.R.,BR,b740eaa0-0679-41dc-acb7-990d562dfa37,NA,gbif169,GBIF,TRUE,NA,TRUE,FALSE
PRESERVED_SPECIMEN,Justicia,heterocarpa,NA,-11.616667,27.533333,NA,NA,1952,BR0000005970452,WGS84,NA,NA,NA,NA,http://www.botanicalcollections.be/specimen/BR0000005970452,NA,NA,NA,Schmitz A.,BR,b740eaa0-0679-41dc-acb7-990d562dfa37,NA,gbif170,GBIF,TRUE,NA,TRUE,FALSE
PRESERVED_SPECIMEN,Justicia,heterocarpa,NA,-2.466667,32.883333,NA,NA,1952,WAG.1280684,WGS84,NA,NA,NA,NA,https://data.biodiversitydata.nl/naturalis/specimen/WAG.1280684,NA,NA,NA,Tanner RES,Botany,15f819bd-6612-4447-854b-14d12ee1022d,NA,gbif171,GBIF,TRUE,NA,TRUE,FALSE
PRESERVED_SPECIMEN,Justicia,heterocarpa,NA,-2.816667,28.833333,NA,NA,1952,BR0000008567796,WGS84,NA,NA,NA,NA,http://www.botanicalcollections.be/specimen/BR0000008567796,NA,NA,NA,Laurent J.F.,BR,b740eaa0-0679-41dc-acb7-990d562dfa37,NA,gbif172,GBIF,TRUE,NA,TRUE,FALSE
PRESERVED_SPECIMEN,Justicia,heterocarpa,NA,2.166667,30.7,NA,NA,1952,BR0000008569127,WGS84,NA,NA,NA,NA,http://www.botanicalcollections.be/specimen/BR0000008569127,NA,NA,NA,Liben L.,BR,b740eaa0-0679-41dc-acb7-990d562dfa37,NA,gbif173,GBIF,TRUE,NA,TRUE,FALSE
PRESERVED_SPECIMEN,Justicia,heterocarpa,NA,-3.433333,30.4,NA,NA,1952,BR0000008568847,WGS84,NA,NA,NA,NA,http://www.botanicalcollections.be/specimen/BR0000008568847,NA,NA,NA,Michel G.,BR,b740eaa0-0679-41dc-acb7-990d562dfa37,NA,gbif174,GBIF,TRUE,NA,TRUE,FALSE
PRESERVED_SPECIMEN,Justicia,heterocarpa,NA,-3.45,30.433333,NA,NA,1951,BR0000008568830,WGS84,NA,NA,NA,NA,http://www.botanicalcollections.be/specimen/BR0000008568830,NA,NA,NA,Michel G. & Reed,BR,b740eaa0-0679-41dc-acb7-990d562dfa37,NA,gbif175,GBIF,TRUE,NA,TRUE,FALSE
PRESERVED_SPECIMEN,Justicia,heterocarpa,NA,2.166667,30.833333,NA,NA,1947,BR0000008568793,WGS84,NA,NA,NA,NA,http://www.botanicalcollections.be/specimen/BR0000008568793,NA,NA,NA,Taton A.,BR,b740eaa0-0679-41dc-acb7-990d562dfa37,NA,gbif176,GBIF,TRUE,NA,TRUE,FALSE
PRESERVED_SPECIMEN,Justicia,heterocarpa,NA,-1.516667,30.466667,NA,NA,1938,BR0000005957842,WGS84,NA,NA,NA,NA,http://www.botanicalcollections.be/specimen/BR0000005957842,NA,NA,NA,Lebrun J.,BR,b740eaa0-0679-41dc-acb7-990d562dfa37,NA,gbif177,GBIF,TRUE,NA,TRUE,FALSE
PRESERVED_SPECIMEN,Justicia,heterocarpa,NA,-1.433333,30.533333,NA,NA,1938,BR0000008568151,WGS84,NA,NA,NA,NA,http://www.botanicalcollections.be/specimen/BR0000008568151,NA,NA,NA,Lebrun J.,BR,b740eaa0-0679-41dc-acb7-990d562dfa37,NA,gbif178,GBIF,TRUE,NA,TRUE,FALSE
PRESERVED_SPECIMEN,Justicia,heterocarpa,NA,-1.516667,30.466667,NA,NA,1938,BR0000008568489,WGS84,NA,NA,NA,NA,http://www.botanicalcollections.be/specimen/BR0000008568489,NA,NA,NA,Lebrun J.,BR,b740eaa0-0679-41dc-acb7-990d562dfa37,NA,gbif179,GBIF,TRUE,NA,TRUE,FALSE
PRESERVED_SPECIMEN,Justicia,heterocarpa,NA,-1.55,30.4,NA,NA,1938,BR0000008568977,WGS84,NA,NA,NA,NA,http://www.botanicalcollections.be/specimen/BR0000008568977,NA,NA,NA,Lebrun J.,BR,b740eaa0-0679-41dc-acb7-990d562dfa37,NA,gbif180,GBIF,TRUE,NA,TRUE,FALSE
PRESERVED_SPECIMEN,Justicia,heterocarpa,NA,-11.666667,27.466667,NA,NA,1937,WAG.1280659,WGS84,NA,NA,NA,NA,https://data.biodiversitydata.nl/naturalis/specimen/WAG.1280659,NA,NA,NA,Salésiens J,Botany,15f819bd-6612-4447-854b-14d12ee1022d,NA,gbif181,GBIF,TRUE,NA,TRUE,FALSE
PRESERVED_SPECIMEN,Justicia,heterocarpa,NA,0.766667,24.45,7000,NA,1936,BR0000005957989,WGS84,NA,NA,NA,NA,http://www.botanicalcollections.be/specimen/BR0000005957989,NA,NA,NA,Louis J.,BR,b740eaa0-0679-41dc-acb7-990d562dfa37,NA,gbif182,GBIF,TRUE,NA,TRUE,FALSE
PRESERVED_SPECIMEN,Justicia,heterocarpa,NA,0.766667,24.45,7000,NA,1936,BR0000005958313,WGS84,NA,NA,NA,NA,http://www.botanicalcollections.be/specimen/BR0000005958313,NA,NA,NA,Louis J.,BR,b740eaa0-0679-41dc-acb7-990d562dfa37,NA,gbif183,GBIF,TRUE,NA,TRUE,FALSE
PRESERVED_SPECIMEN,Justicia,heterocarpa,NA,-1.616667,29.133333,NA,NA,1934,BR0000005958641,WGS84,NA,NA,NA,NA,http://www.botanicalcollections.be/specimen/BR0000005958641,NA,NA,NA,de Witte G.F.,BR,b740eaa0-0679-41dc-acb7-990d562dfa37,NA,gbif184,GBIF,TRUE,NA,TRUE,FALSE
PRESERVED_SPECIMEN,Justicia,heterocarpa,NA,-1.616667,29.133333,NA,NA,1934,BR0000008568472,WGS84,NA,NA,NA,NA,http://www.botanicalcollections.be/specimen/BR0000008568472,NA,NA,NA,de Witte G.F.,BR,b740eaa0-0679-41dc-acb7-990d562dfa37,NA,gbif185,GBIF,TRUE,NA,TRUE,FALSE
PRESERVED_SPECIMEN,Justicia,heterocarpa,NA,2.033333,30.533333,NA,NA,1934,BR0000008567475,WGS84,NA,NA,NA,NA,http://www.botanicalcollections.be/specimen/BR0000008567475,NA,NA,NA,De Craene A.P.,BR,b740eaa0-0679-41dc-acb7-990d562dfa37,NA,gbif186,GBIF,TRUE,NA,TRUE,FALSE
PRESERVED_SPECIMEN,Justicia,heterocarpa,NA,-1.783333,30.083333,NA,NA,1932,BR0000005958979,WGS84,NA,NA,NA,NA,http://www.botanicalcollections.be/specimen/BR0000005958979,NA,NA,NA,Becquet A.,BR,b740eaa0-0679-41dc-acb7-990d562dfa37,NA,gbif187,GBIF,TRUE,NA,TRUE,FALSE
PRESERVED_SPECIMEN,Justicia,heterocarpa,NA,-1.783333,30.083333,NA,NA,1932,BR0000008568403,WGS84,NA,NA,NA,NA,http://www.botanicalcollections.be/specimen/BR0000008568403,NA,NA,NA,Becquet A.,BR,b740eaa0-0679-41dc-acb7-990d562dfa37,NA,gbif188,GBIF,TRUE,NA,TRUE,FALSE
PRESERVED_SPECIMEN,Justicia,heterocarpa,NA,-2,29,NA,NA,1929,BR0000005959303,WGS84,NA,NA,NA,NA,http://www.botanicalcollections.be/specimen/BR0000005959303,NA,NA,NA,Humbert H.,BR,b740eaa0-0679-41dc-acb7-990d562dfa37,NA,gbif189,GBIF,TRUE,NA,TRUE,FALSE
PRESERVED_SPECIMEN,Justicia,heterocarpa,NA,-2,29,NA,NA,1929,BR0000008567130,WGS84,NA,NA,NA,NA,http://www.botanicalcollections.be/specimen/BR0000008567130,NA,NA,NA,Humbert H.,BR,b740eaa0-0679-41dc-acb7-990d562dfa37,NA,gbif190,GBIF,TRUE,NA,TRUE,FALSE
PRESERVED_SPECIMEN,Justicia,heterocarpa,NA,-3.433333,29.933333,NA,NA,1922,BR0000008568175,WGS84,NA,NA,NA,NA,http://www.botanicalcollections.be/specimen/BR0000008568175,NA,NA,NA,Elskens O.A.J.,BR,b740eaa0-0679-41dc-acb7-990d562dfa37,NA,gbif191,GBIF,TRUE,NA,TRUE,FALSE
PRESERVED_SPECIMEN,Justicia,heterocarpa,NA,0.483333,29.466667,NA,NA,1914,BR0000008567154,WGS84,NA,NA,NA,NA,http://www.botanicalcollections.be/specimen/BR0000008567154,NA,NA,NA,Bequaert J.,BR,b740eaa0-0679-41dc-acb7-990d562dfa37,NA,gbif192,GBIF,TRUE,NA,TRUE,FALSE
PRESERVED_SPECIMEN,Justicia,heterocarpa,NA,2.433333,22.033333,NA,NA,1913,BR0000008568137,WGS84,NA,NA,NA,NA,http://www.botanicalcollections.be/specimen/BR0000008568137,NA,NA,NA,De Giorgi S.,BR,b740eaa0-0679-41dc-acb7-990d562dfa37,NA,gbif193,GBIF,TRUE,NA,TRUE,FALSE
PRESERVED_SPECIMEN,Justicia,heterocarpa,NA,2.883333,22.383333,NA,NA,1913,BR0000008568465,WGS84,NA,NA,NA,NA,http://www.botanicalcollections.be/specimen/BR0000008568465,NA,NA,NA,Mortehan M.,BR,b740eaa0-0679-41dc-acb7-990d562dfa37,NA,gbif194,GBIF,TRUE,NA,TRUE,FALSE
PRESERVED_SPECIMEN,Justicia,heterocarpa,NA,-9.283333,33.616667,NA,NA,1912,L.2833403,WGS84,NA,NA,NA,NA,https://data.biodiversitydata.nl/naturalis/specimen/L.2833403,NA,NA,NA,Stolz AF,Botany,15f819bd-6612-4447-854b-14d12ee1022d,NA,gbif195,GBIF,TRUE,NA,TRUE,FALSE
PRESERVED_SPECIMEN,Justicia,heterocarpa,NA,-9.283333,33.616667,NA,NA,1912,U.1047555,WGS84,NA,NA,NA,NA,https://data.biodiversitydata.nl/naturalis/specimen/U.1047555,NA,NA,NA,Stolz AF,Botany,15f819bd-6612-4447-854b-14d12ee1022d,NA,gbif196,GBIF,TRUE,NA,TRUE,FALSE
PRESERVED_SPECIMEN,Justicia,heterocarpa,NA,-9.283333,33.616667,NA,NA,1912,WAG.1281097,WGS84,NA,NA,NA,NA,https://data.biodiversitydata.nl/naturalis/specimen/WAG.1281097,NA,NA,NA,Stolz AF,Botany,15f819bd-6612-4447-854b-14d12ee1022d,NA,gbif197,GBIF,TRUE,NA,TRUE,FALSE
PRESERVED_SPECIMEN,Justicia,heterocarpa,NA,-9.283333,33.616667,NA,NA,1912,WAG.1281098,WGS84,NA,NA,NA,NA,https://data.biodiversitydata.nl/naturalis/specimen/WAG.1281098,NA,NA,NA,Stolz AF,Botany,15f819bd-6612-4447-854b-14d12ee1022d,NA,gbif198,GBIF,TRUE,NA,TRUE,FALSE
PRESERVED_SPECIMEN,Justicia,heterocarpa,NA,-22.1,17.916667,NA,NA,1907,L  0003045,WGS84,NA,NA,NA,NA,https://data.biodiversitydata.nl/naturalis/specimen/L%20%200003045,NA,NA,NA,Dinter MK,Botany,15f819bd-6612-4447-854b-14d12ee1022d,NA,gbif199,GBIF,TRUE,NA,TRUE,FALSE
PRESERVED_SPECIMEN,Justicia,heterocarpa,NA,-22.1,17.916667,NA,NA,1907,U.1047566,WGS84,NA,NA,NA,NA,https://data.biodiversitydata.nl/naturalis/specimen/U.1047566,NA,NA,NA,Dinter MK,Botany,15f819bd-6612-4447-854b-14d12ee1022d,NA,gbif200,GBIF,TRUE,NA,TRUE,FALSE
PRESERVED_SPECIMEN,Justicia,heterocarpa,NA,-22.1,17.916667,NA,NA,1907,WAG0193503,WGS84,NA,NA,NA,NA,https://data.biodiversitydata.nl/naturalis/specimen/WAG0193503,NA,NA,NA,Dinter MK,Botany,15f819bd-6612-4447-854b-14d12ee1022d,NA,gbif201,GBIF,TRUE,NA,TRUE,FALSE
PRESERVED_SPECIMEN,Justicia,heterocarpa,NA,23.242,69.666932,301,"Bhuj, in a waste place on sandy ground",NA,1.23E+11,WGS84,NA,NA,NA,NA,BARO:Angiosperm:123450015729,NA,NA,NA,KSS Rao,Angiosperm,0a5eec5f-ea21-4c00-b55a-9e5a5d336c3c,NA,gbif202,GBIF,TRUE,NA,TRUE,FALSE
PRESERVED_SPECIMEN,Justicia,heterocarpa,NA,23.242,69.666932,301,Bhuj. In a waste place,NA,1.23E+11,WGS84,NA,NA,NA,NA,BARO:Angiosperm:123450015730,NA,NA,NA,KSS Rao,Angiosperm,0a5eec5f-ea21-4c00-b55a-9e5a5d336c3c,NA,gbif203,GBIF,TRUE,NA,TRUE,FALSE
PRESERVED_SPECIMEN,Justicia,heterocarpa,NA,23.801337,73.323339,301,"Pahada, Derol",NA,1.23E+11,WGS84,NA,NA,NA,NA,BARO:Angiosperm:123450025942,NA,NA,NA,R.Bhatt,Angiosperm,0a5eec5f-ea21-4c00-b55a-9e5a5d336c3c,NA,gbif204,GBIF,TRUE,NA,TRUE,FALSE
PRESERVED_SPECIMEN,Justicia,heterocarpa,NA,23.801337,73.323339,301,"Pahada, Derol",NA,1.23E+11,WGS84,NA,NA,NA,NA,BARO:Angiosperm:123450025943,NA,NA,NA,R.Bhatt,Angiosperm,0a5eec5f-ea21-4c00-b55a-9e5a5d336c3c,NA,gbif205,GBIF,TRUE,NA,TRUE,FALSE
PRESERVED_SPECIMEN,Justicia,heterocarpa,NA,23.801337,73.323339,301,"Pahada, Derol",NA,1.23E+11,WGS84,NA,NA,NA,NA,BARO:Angiosperm:123450025944,NA,NA,NA,R.Bhatt,Angiosperm,0a5eec5f-ea21-4c00-b55a-9e5a5d336c3c,NA,gbif206,GBIF,TRUE,NA,TRUE,FALSE
PRESERVED_SPECIMEN,Justicia,heterocarpa,NA,23.965823,72.752473,301,Taranga hill,NA,1.23E+11,WGS84,NA,NA,NA,NA,BARO:Angiosperm:123450025945,NA,NA,NA,R.Bhatt,Angiosperm,0a5eec5f-ea21-4c00-b55a-9e5a5d336c3c,NA,gbif207,GBIF,TRUE,NA,TRUE,FALSE
PRESERVED_SPECIMEN,Justicia,heterocarpa,NA,23.801337,73.323339,301,"Pahada, Derol",NA,1.23E+11,WGS84,NA,NA,NA,NA,BARO:Angiosperm:123450025946,NA,NA,NA,R.Bhatt,Angiosperm,0a5eec5f-ea21-4c00-b55a-9e5a5d336c3c,NA,gbif208,GBIF,TRUE,NA,TRUE,FALSE
PRESERVED_SPECIMEN,Justicia,heterocarpa,NA,2.166667,30.666667,NA,NA,NA,BR0000008567468,WGS84,NA,NA,NA,NA,http://www.botanicalcollections.be/specimen/BR0000008567468,NA,NA,NA,Jurion F.,BR,b740eaa0-0679-41dc-acb7-990d562dfa37,NA,gbif209,GBIF,TRUE,NA,TRUE,FALSE
PRESERVED_SPECIMEN,Justicia,heterocarpa,NA,-2.416667,30.083333,NA,NA,NA,BR0000008568694,WGS84,NA,NA,NA,NA,http://www.botanicalcollections.be/specimen/BR0000008568694,NA,NA,NA,Van Oosten,BR,b740eaa0-0679-41dc-acb7-990d562dfa37,NA,gbif210,GBIF,TRUE,NA,TRUE,FALSE
PRESERVED_SPECIMEN,Justicia,heterocarpa,NA,-2.983333,29.1,NA,NA,NA,BR0000008568809,WGS84,NA,NA,NA,NA,http://www.botanicalcollections.be/specimen/BR0000008568809,NA,NA,NA,Gilon A.P.J.,BR,b740eaa0-0679-41dc-acb7-990d562dfa37,NA,gbif211,GBIF,TRUE,NA,TRUE,FALSE
